project_id,project_name,project_type,province,capacity_mw,annual_emission_reduction,start_year,crediting_period,project_owner,registration_date,status,total_investment,cdm_connection,additionality_demonstrated
CCER-2012-0001,太阳能发电项目1,太阳能发电,贵州,349.26,663295.38,2014,10,易事特,2014-03-07,已签发,4481954.0,True,False
CCER-2012-0002,垃圾填埋气发电项目2,垃圾填埋气发电,甘肃,15.52,17782.95,2012,21,项目公司2,2012-10-04,已签发,201955.26,False,False
CCER-2012-0003,太阳能发电项目3,太阳能发电,四川,299.16,546913.8,2015,21,捷佳伟创,2015-10-13,已签发,4144765.97,False,True
CCER-2012-0004,交通节能项目4,交通节能,江苏,130.54,121285.02,2015,21,项目公司4,2015-01-26,已注销,1416968.9,False,True
CCER-2012-0005,工业节能项目5,工业节能,山东,111.44,161880.46,2015,21,项目公司5,2015-04-11,已签发,1108952.08,True,False
CCER-2012-0006,太阳能发电项目6,太阳能发电,青海,282.25,518224.73,2016,10,项目公司6,2016-08-13,已注销,2265180.28,False,True
CCER-2012-0007,工业节能项目7,工业节能,山东,105.59,105844.93,2015,21,项目公司7,2015-10-15,已注册,830152.42,True,False
CCER-2012-0008,森林经营项目8,森林经营,甘肃,30.38,33170.29,2016,10,项目公司8,2016-08-20,已注销,235438.9,True,True
CCER-2012-0009,生物质发电项目9,生物质发电,陕西,43.29,60115.99,2014,7,项目公司9,2014-03-11,已备案,247024.81,True,False
CCER-2012-0010,工业节能项目10,工业节能,山东,120.33,196481.47,2017,10,项目公司10,2017-12-03,已备案,1395443.11,False,False
CCER-2012-0011,生物质发电项目11,生物质发电,湖南,55.0,46239.16,2016,7,项目公司11,2016-04-20,已注销,715698.21,False,False
CCER-2012-0012,生物质发电项目12,生物质发电,新疆,111.34,169630.65,2013,21,项目公司12,2013-02-22,已签发,1005472.56,True,True
CCER-2012-0013,太阳能发电项目13,太阳能发电,内蒙古,36.23,81121.67,2016,7,上机数控,2016-11-24,已注销,523559.48,True,True
CCER-2012-0014,垃圾填埋气发电项目14,垃圾填埋气发电,浙江,85.49,81147.78,2014,10,项目公司14,2014-04-04,已签发,1102837.13,False,True
CCER-2012-0015,水力发电项目15,水力发电,内蒙古,31.14,37296.22,2016,10,项目公司15,2016-09-05,已备案,213606.92,True,True
CCER-2012-0016,风力发电项目16,风力发电,贵州,229.99,425043.25,2016,10,项目公司16,2016-05-01,已备案,2450336.34,True,False
CCER-2012-0017,太阳能发电项目17,太阳能发电,山西,468.1,1060125.05,2016,21,福斯特,2016-05-04,已注册,4565648.15,False,True
CCER-2012-0018,工业节能项目18,工业节能,贵州,152.72,297751.59,2013,7,项目公司18,2013-01-10,已注销,2129525.72,False,False
CCER-2012-0019,太阳能发电项目19,太阳能发电,甘肃,464.61,931703.93,2015,10,项目公司19,2015-06-19,已备案,5297451.96,True,True
CCER-2012-0020,工业节能项目20,工业节能,青海,15.29,25940.56,2014,10,项目公司20,2014-10-28,已签发,208263.95,True,True
CCER-2012-0021,工业节能项目21,工业节能,宁夏,53.09,80857.5,2012,7,项目公司21,2012-05-03,已注册,581213.25,False,True
CCER-2012-0022,工业节能项目22,工业节能,湖南,109.22,206503.78,2013,7,项目公司22,2013-01-10,已注册,657482.05,False,True
CCER-2012-0023,交通节能项目23,交通节能,四川,159.51,160761.92,2013,21,项目公司23,2013-05-27,已签发,2160831.51,False,False
CCER-2012-0024,森林经营项目24,森林经营,山西,92.57,109909.48,2012,7,项目公司24,2012-12-04,已注销,1261257.69,True,False
CCER-2012-0025,太阳能发电项目25,太阳能发电,浙江,16.43,33364.05,2015,10,项目公司25,2015-03-01,已注销,204157.55,False,True
CCER-2012-0026,垃圾填埋气发电项目26,垃圾填埋气发电,贵州,174.63,248883.21,2012,21,项目公司26,2012-10-06,已注册,1174938.41,False,True
CCER-2012-0027,交通节能项目27,交通节能,湖南,165.59,222215.89,2012,10,项目公司27,2012-03-03,已备案,1061141.73,False,True
CCER-2012-0028,建筑节能项目28,建筑节能,浙江,112.0,105608.13,2013,7,项目公司28,2013-03-07,已注销,1524386.71,True,True
CCER-2012-0029,太阳能发电项目29,太阳能发电,广东,30.57,57855.87,2015,10,项目公司29,2015-10-07,已备案,314882.69,True,True
CCER-2012-0030,太阳能发电项目30,太阳能发电,青海,231.64,477100.79,2017,7,爱旭股份,2017-12-04,已注销,1552905.75,True,True
CCER-2012-0031,煤层气利用项目31,煤层气利用,贵州,102.94,90328.27,2017,10,项目公司31,2017-12-21,已注销,1484606.76,True,False
CCER-2012-0032,太阳能发电项目32,太阳能发电,河北,464.35,1106886.06,2015,10,项目公司32,2015-12-13,已注销,2833760.37,False,True
CCER-2012-0033,生物质发电项目33,生物质发电,四川,83.3,93241.94,2017,21,项目公司33,2017-06-20,已注册,847096.23,True,False
CCER-2012-0034,太阳能发电项目34,太阳能发电,宁夏,31.88,49682.0,2012,10,正泰电器,2012-05-17,已签发,338259.62,True,False
CCER-2012-0035,森林经营项目35,森林经营,宁夏,117.38,162944.37,2016,10,项目公司35,2016-02-12,已备案,1347340.97,True,False
CCER-2012-0036,太阳能发电项目36,太阳能发电,湖南,332.7,621569.76,2015,21,项目公司36,2015-08-22,已注册,4224436.55,True,True
CCER-2012-0037,水力发电项目37,水力发电,山西,118.47,179071.0,2013,7,项目公司37,2013-10-21,已注册,1703852.54,False,True
CCER-2012-0038,生物质发电项目38,生物质发电,内蒙古,69.72,71237.34,2016,21,项目公司38,2016-03-03,已签发,970218.3,False,False
CCER-2012-0039,交通节能项目39,交通节能,四川,199.87,290850.11,2012,7,项目公司39,2012-10-02,已备案,2189885.56,False,False
CCER-2012-0040,森林经营项目40,森林经营,广东,130.57,216202.81,2016,10,项目公司40,2016-11-04,已注册,775840.92,True,False
CCER-2012-0041,生物质发电项目41,生物质发电,浙江,74.98,147479.58,2017,7,项目公司41,2017-02-11,已注册,397823.46,False,True
CCER-2012-0042,生物质发电项目42,生物质发电,贵州,23.91,19260.81,2016,7,项目公司42,2016-09-22,已注册,225358.49,True,True
CCER-2012-0043,工业节能项目43,工业节能,四川,38.78,35231.87,2013,21,项目公司43,2013-09-17,已注销,205659.29,True,True
CCER-2012-0044,工业节能项目44,工业节能,云南,75.07,118904.71,2012,10,项目公司44,2012-12-02,已备案,536895.23,True,True
CCER-2012-0045,垃圾填埋气发电项目45,垃圾填埋气发电,山西,123.63,210132.93,2014,7,项目公司45,2014-06-17,已注销,1627982.28,True,False
CCER-2012-0046,垃圾填埋气发电项目46,垃圾填埋气发电,山西,181.31,245396.69,2016,7,项目公司46,2016-01-05,已注销,1098149.6,False,True
CCER-2012-0047,交通节能项目47,交通节能,广东,84.77,165392.51,2017,7,项目公司47,2017-05-23,已备案,902718.54,False,True
CCER-2012-0048,太阳能发电项目48,太阳能发电,新疆,423.25,1022497.24,2014,21,项目公司48,2014-03-19,已备案,4345920.28,False,False
CCER-2012-0049,建筑节能项目49,建筑节能,湖南,91.11,178763.78,2017,10,项目公司49,2017-05-23,已备案,1025078.63,False,False
CCER-2012-0050,工业节能项目50,工业节能,青海,71.47,131713.19,2017,10,项目公司50,2017-06-27,已备案,463139.15,True,False
CCER-2012-0051,生物质发电项目51,生物质发电,内蒙古,161.44,141972.19,2015,21,项目公司51,2015-02-18,已注销,1163206.55,True,False
CCER-2012-0052,太阳能发电项目52,太阳能发电,四川,269.56,589206.73,2013,21,晶澳科技,2013-01-20,已签发,2325405.92,True,False
CCER-2012-0053,垃圾填埋气发电项目53,垃圾填埋气发电,贵州,74.67,76654.1,2015,21,项目公司53,2015-03-20,已注册,991497.81,False,False
CCER-2012-0054,工业节能项目54,工业节能,宁夏,49.43,78577.12,2012,21,项目公司54,2012-11-24,已注销,690831.68,False,False
CCER-2012-0055,水力发电项目55,水力发电,河北,74.47,114337.06,2012,21,项目公司55,2012-06-04,已注销,647545.27,True,False
CCER-2012-0056,太阳能发电项目56,太阳能发电,陕西,175.7,310499.06,2014,21,项目公司56,2014-09-03,已签发,1414518.67,False,False
CCER-2012-0057,太阳能发电项目57,太阳能发电,湖南,201.07,433760.56,2014,21,项目公司57,2014-08-15,已签发,1516040.18,True,False
CCER-2012-0058,太阳能发电项目58,太阳能发电,贵州,20.2,32453.23,2017,21,项目公司58,2017-12-11,已备案,285757.33,False,True
CCER-2012-0059,工业节能项目59,工业节能,宁夏,6.78,10543.57,2017,10,项目公司59,2017-12-09,已备案,90522.7,True,True
CCER-2012-0060,交通节能项目60,交通节能,甘肃,10.14,8581.58,2016,10,项目公司60,2016-02-11,已备案,142957.54,False,False
CCER-2012-0061,森林经营项目61,森林经营,新疆,10.49,14743.47,2013,10,项目公司61,2013-12-22,已注销,52550.42,False,True
CCER-2012-0062,工业节能项目62,工业节能,河北,193.97,178767.78,2016,21,项目公司62,2016-04-22,已注销,2431764.75,True,True
CCER-2012-0063,森林经营项目63,森林经营,河北,35.98,58358.58,2017,10,项目公司63,2017-03-07,已签发,228290.54,False,False
CCER-2012-0064,煤层气利用项目64,煤层气利用,广东,129.18,227264.9,2017,21,项目公司64,2017-04-01,已签发,874179.05,True,False
CCER-2012-0065,垃圾填埋气发电项目65,垃圾填埋气发电,甘肃,76.46,80616.92,2012,10,项目公司65,2012-06-08,已签发,1092151.49,True,False
CCER-2012-0066,太阳能发电项目66,太阳能发电,湖南,26.75,51539.22,2015,10,项目公司66,2015-12-17,已签发,162311.55,False,True
CCER-2012-0067,建筑节能项目67,建筑节能,浙江,41.87,36251.94,2016,7,项目公司67,2016-06-13,已注销,336961.45,False,True
CCER-2012-0068,森林经营项目68,森林经营,甘肃,15.19,22214.57,2014,21,项目公司68,2014-03-07,已备案,161629.06,True,True
CCER-2012-0069,煤层气利用项目69,煤层气利用,云南,44.84,77629.53,2017,21,项目公司69,2017-03-22,已注册,229737.68,True,True
CCER-2012-0070,煤层气利用项目70,煤层气利用,宁夏,117.5,99145.51,2014,7,项目公司70,2014-11-01,已签发,1616675.7,True,False
CCER-2012-0071,工业节能项目71,工业节能,湖南,22.05,41336.55,2015,10,项目公司71,2015-09-02,已签发,262237.44,False,False
CCER-2012-0072,煤层气利用项目72,煤层气利用,湖南,194.17,371800.49,2014,7,项目公司72,2014-12-05,已签发,1023780.1,True,False
CCER-2012-0073,煤层气利用项目73,煤层气利用,湖南,84.59,124899.37,2013,21,项目公司73,2013-10-04,已注册,579345.22,True,False
CCER-2012-0074,建筑节能项目74,建筑节能,山西,97.69,128867.39,2017,21,项目公司74,2017-07-08,已签发,1409961.24,True,False
CCER-2012-0075,垃圾填埋气发电项目75,垃圾填埋气发电,四川,19.31,19921.32,2014,10,项目公司75,2014-10-11,已注册,190185.92,True,False
CCER-2012-0076,太阳能发电项目76,太阳能发电,山西,398.42,968379.75,2015,10,芯能科技,2015-05-07,已签发,2532392.52,False,True
CCER-2012-0077,建筑节能项目77,建筑节能,江苏,21.45,37601.61,2015,10,项目公司77,2015-07-17,已注册,128181.85,False,False
CCER-2012-0078,太阳能发电项目78,太阳能发电,广东,232.35,352784.0,2014,10,中环股份,2014-02-17,已注销,2711486.82,False,True
CCER-2012-0079,风力发电项目79,风力发电,甘肃,477.03,1058354.57,2015,10,项目公司79,2015-12-25,已注销,5260673.48,False,False
CCER-2012-0080,森林经营项目80,森林经营,甘肃,45.57,64246.3,2015,10,项目公司80,2015-12-23,已注销,245854.83,True,False
CCER-2012-0081,煤层气利用项目81,煤层气利用,甘肃,162.49,189869.03,2012,10,项目公司81,2012-02-14,已备案,2191314.72,False,False
CCER-2012-0082,垃圾填埋气发电项目82,垃圾填埋气发电,河北,39.72,77449.15,2014,21,项目公司82,2014-05-16,已备案,530802.02,False,False
CCER-2012-0083,森林经营项目83,森林经营,云南,190.35,349095.01,2014,21,项目公司83,2014-06-11,已注册,2525022.65,True,False
CCER-2012-0084,生物质发电项目84,生物质发电,浙江,95.53,189521.4,2013,21,项目公司84,2013-06-10,已注销,897478.27,False,False
CCER-2012-0085,森林经营项目85,森林经营,河北,95.9,149616.25,2017,7,项目公司85,2017-09-13,已注册,1332942.58,False,False
CCER-2012-0086,生物质发电项目86,生物质发电,四川,27.75,29798.47,2014,10,项目公司86,2014-09-21,已备案,267105.81,True,True
CCER-2012-0087,工业节能项目87,工业节能,宁夏,167.09,239555.26,2016,21,项目公司87,2016-04-15,已备案,1373543.42,False,False
CCER-2012-0088,太阳能发电项目88,太阳能发电,山西,411.6,1011072.5,2017,7,项目公司88,2017-06-10,已注销,4270637.78,True,False
CCER-2012-0089,水力发电项目89,水力发电,湖南,43.83,50366.57,2017,10,项目公司89,2017-02-26,已签发,629768.55,True,True
CCER-2012-0090,太阳能发电项目90,太阳能发电,内蒙古,41.39,83652.28,2017,21,项目公司90,2017-08-14,已备案,568683.17,True,False
CCER-2012-0091,垃圾填埋气发电项目91,垃圾填埋气发电,江苏,146.98,258066.4,2017,21,项目公司91,2017-01-14,已备案,1017223.41,True,False
CCER-2012-0092,工业节能项目92,工业节能,青海,195.36,220915.67,2014,21,项目公司92,2014-07-10,已备案,1415400.72,True,True
CCER-2012-0093,太阳能发电项目93,太阳能发电,宁夏,161.2,315685.8,2013,10,拓日新能,2013-02-15,已注销,1190967.34,False,False
CCER-2012-0094,森林经营项目94,森林经营,浙江,172.23,237164.54,2013,10,项目公司94,2013-11-10,已注销,1247465.21,True,True
CCER-2012-0095,交通节能项目95,交通节能,河北,10.51,14749.46,2014,21,项目公司95,2014-04-13,已注册,134488.37,False,False
CCER-2012-0096,生物质发电项目96,生物质发电,甘肃,83.74,114308.66,2017,10,项目公司96,2017-08-13,已注销,808592.58,False,False
CCER-2012-0097,建筑节能项目97,建筑节能,内蒙古,70.72,114229.75,2017,7,项目公司97,2017-08-14,已注册,703007.31,False,True
CCER-2012-0098,太阳能发电项目98,太阳能发电,河北,100.63,241647.8,2015,7,项目公司98,2015-02-19,已注册,1058066.79,True,True
CCER-2012-0099,水力发电项目99,水力发电,四川,174.15,243863.78,2015,7,项目公司99,2015-06-11,已备案,2177062.6,True,True
CCER-2012-0100,交通节能项目100,交通节能,湖南,158.54,180824.42,2012,21,项目公司100,2012-05-04,已注册,1795254.68,False,True
CCER-2013-0101,生物质发电项目101,生物质发电,内蒙古,135.19,137328.52,2017,21,项目公司101,2017-06-24,已签发,2002251.39,True,False
CCER-2013-0102,太阳能发电项目102,太阳能发电,甘肃,49.49,91644.08,2013,7,捷佳伟创,2013-06-21,已注销,589794.86,False,False
CCER-2013-0103,建筑节能项目103,建筑节能,四川,155.39,201464.65,2017,7,项目公司103,2017-10-22,已签发,1887627.46,True,True
CCER-2013-0104,交通节能项目104,交通节能,青海,139.34,224404.64,2012,10,项目公司104,2012-07-19,已备案,801447.1,True,True
CCER-2013-0105,交通节能项目105,交通节能,河北,155.93,184720.43,2012,7,项目公司105,2012-09-22,已签发,1936062.87,True,False
CCER-2013-0106,水力发电项目106,水力发电,浙江,17.02,24305.52,2017,10,项目公司106,2017-11-05,已备案,219380.88,True,True
CCER-2013-0107,垃圾填埋气发电项目107,垃圾填埋气发电,青海,113.02,185541.94,2015,10,项目公司107,2015-09-11,已签发,608512.41,False,True
CCER-2013-0108,工业节能项目108,工业节能,贵州,51.62,86341.76,2016,21,项目公司108,2016-10-23,已备案,764406.86,True,True
CCER-2013-0109,煤层气利用项目109,煤层气利用,甘肃,21.4,38809.94,2015,10,项目公司109,2015-01-27,已注册,110980.99,True,False
CCER-2013-0110,交通节能项目110,交通节能,四川,175.37,191462.98,2015,21,项目公司110,2015-08-09,已注销,1094411.83,True,False
CCER-2013-0111,交通节能项目111,交通节能,浙江,120.65,154646.67,2014,7,项目公司111,2014-03-22,已备案,1738979.24,True,True
CCER-2013-0112,煤层气利用项目112,煤层气利用,广东,155.1,282980.49,2017,7,项目公司112,2017-02-14,已签发,1536909.54,True,False
CCER-2013-0113,工业节能项目113,工业节能,内蒙古,23.01,28080.62,2015,21,项目公司113,2015-09-06,已注册,233782.79,False,False
CCER-2013-0114,太阳能发电项目114,太阳能发电,湖南,230.09,546155.15,2017,7,易事特,2017-01-05,已注册,3135203.85,False,False
CCER-2013-0115,建筑节能项目115,建筑节能,江苏,124.1,148662.64,2012,21,项目公司115,2012-04-05,已注销,1440659.4,True,True
CCER-2013-0116,森林经营项目116,森林经营,江苏,147.18,147393.23,2013,21,项目公司116,2013-10-18,已备案,1816964.38,True,False
CCER-2013-0117,太阳能发电项目117,太阳能发电,四川,115.65,286686.22,2015,21,项目公司117,2015-11-07,已注销,820465.98,True,True
CCER-2013-0118,太阳能发电项目118,太阳能发电,内蒙古,491.92,839256.08,2013,21,项目公司118,2013-02-12,已备案,3952692.07,True,True
CCER-2013-0119,太阳能发电项目119,太阳能发电,甘肃,62.99,152802.29,2017,7,项目公司119,2017-10-20,已备案,768205.79,False,True
CCER-2013-0120,森林经营项目120,森林经营,河北,93.92,128574.51,2017,10,项目公司120,2017-03-24,已备案,1025762.44,False,False
CCER-2013-0121,建筑节能项目121,建筑节能,广东,172.53,155993.13,2017,21,项目公司121,2017-05-21,已注销,2393093.91,False,True
CCER-2013-0122,垃圾填埋气发电项目122,垃圾填埋气发电,云南,46.22,64436.76,2012,7,项目公司122,2012-03-28,已签发,631431.84,False,False
CCER-2013-0123,交通节能项目123,交通节能,贵州,142.43,176200.3,2015,21,项目公司123,2015-09-25,已注销,1115844.91,True,False
CCER-2013-0124,工业节能项目124,工业节能,新疆,16.29,17596.61,2016,7,项目公司124,2016-06-05,已备案,172791.09,True,False
CCER-2013-0125,煤层气利用项目125,煤层气利用,浙江,137.38,113238.87,2015,10,项目公司125,2015-01-18,已注册,1081452.16,False,False
CCER-2013-0126,建筑节能项目126,建筑节能,甘肃,173.2,185323.95,2012,21,项目公司126,2012-04-11,已签发,1016790.32,False,True
CCER-2013-0127,太阳能发电项目127,太阳能发电,陕西,448.9,969352.0,2013,21,天合光能,2013-03-25,已备案,5767809.28,True,False
CCER-2013-0128,风力发电项目128,风力发电,山西,263.78,532131.54,2014,21,项目公司128,2014-09-14,已备案,1901333.68,False,True
CCER-2013-0129,太阳能发电项目129,太阳能发电,浙江,304.53,568678.01,2014,10,项目公司129,2014-07-27,已签发,4003656.49,False,False
CCER-2013-0130,太阳能发电项目130,太阳能发电,湖南,367.12,805667.59,2013,7,项目公司130,2013-12-02,已注销,5291375.34,False,False
CCER-2013-0131,建筑节能项目131,建筑节能,云南,32.16,42151.64,2015,10,项目公司131,2015-02-14,已注销,264395.05,True,True
CCER-2013-0132,煤层气利用项目132,煤层气利用,甘肃,54.12,95629.07,2012,21,项目公司132,2012-07-25,已注销,423579.89,False,False
CCER-2013-0133,森林经营项目133,森林经营,山西,115.43,220737.38,2012,7,项目公司133,2012-12-23,已备案,1493709.24,False,False
CCER-2013-0134,煤层气利用项目134,煤层气利用,贵州,16.31,27598.65,2016,21,项目公司134,2016-03-25,已签发,122824.72,True,False
CCER-2013-0135,垃圾填埋气发电项目135,垃圾填埋气发电,山东,160.7,273653.88,2012,21,项目公司135,2012-11-23,已注册,2154081.25,False,False
CCER-2013-0136,太阳能发电项目136,太阳能发电,新疆,239.48,495581.19,2013,21,天合光能,2013-05-20,已备案,1453202.22,True,True
CCER-2013-0137,工业节能项目137,工业节能,山西,145.62,263067.47,2015,10,项目公司137,2015-10-23,已签发,1410560.49,False,True
CCER-2013-0138,煤层气利用项目138,煤层气利用,甘肃,97.81,192146.26,2015,7,项目公司138,2015-10-25,已注册,1141529.11,False,False
CCER-2013-0139,工业节能项目139,工业节能,江苏,48.78,86394.86,2012,10,项目公司139,2012-10-13,已签发,535323.06,False,False
CCER-2013-0140,煤层气利用项目140,煤层气利用,贵州,101.55,100477.81,2012,7,项目公司140,2012-06-14,已备案,646065.77,True,False
CCER-2013-0141,工业节能项目141,工业节能,河北,94.78,128773.24,2013,21,项目公司141,2013-07-01,已备案,1108985.62,False,True
CCER-2013-0142,煤层气利用项目142,煤层气利用,四川,184.11,360812.56,2013,10,项目公司142,2013-02-25,已注册,2312149.48,True,True
CCER-2013-0143,水力发电项目143,水力发电,江苏,50.6,72107.92,2015,21,项目公司143,2015-10-23,已注册,541271.64,False,True
CCER-2013-0144,森林经营项目144,森林经营,四川,102.84,159054.66,2015,7,项目公司144,2015-10-15,已注册,1009713.27,True,True
CCER-2013-0145,生物质发电项目145,生物质发电,宁夏,116.18,118392.21,2017,7,项目公司145,2017-07-26,已注销,1051283.61,False,False
CCER-2013-0146,煤层气利用项目146,煤层气利用,新疆,34.15,57058.81,2013,10,项目公司146,2013-08-13,已注册,345236.69,True,False
CCER-2013-0147,煤层气利用项目147,煤层气利用,山东,142.31,165646.21,2016,7,项目公司147,2016-04-12,已注销,1658024.67,False,True
CCER-2013-0148,建筑节能项目148,建筑节能,青海,171.71,247747.61,2012,21,项目公司148,2012-08-17,已签发,1691591.46,True,True
CCER-2013-0149,太阳能发电项目149,太阳能发电,新疆,454.86,972074.7,2012,7,项目公司149,2012-10-18,已注销,3676256.33,False,True
CCER-2013-0150,太阳能发电项目150,太阳能发电,新疆,369.54,577534.95,2016,21,金辰股份,2016-06-23,已备案,1986887.28,False,True
CCER-2013-0151,垃圾填埋气发电项目151,垃圾填埋气发电,甘肃,5.22,9975.49,2012,21,项目公司151,2012-11-27,已注销,33191.82,False,True
CCER-2013-0152,交通节能项目152,交通节能,内蒙古,38.94,57935.43,2016,21,项目公司152,2016-11-23,已注销,249718.83,True,False
CCER-2013-0153,建筑节能项目153,建筑节能,山西,196.48,334205.79,2014,7,项目公司153,2014-02-05,已注册,1409759.77,False,True
CCER-2013-0154,太阳能发电项目154,太阳能发电,湖南,208.56,335465.41,2015,10,项目公司154,2015-12-04,已注销,2947598.56,False,True
CCER-2013-0155,生物质发电项目155,生物质发电,云南,111.78,208956.61,2012,10,项目公司155,2012-12-22,已签发,1341188.94,True,False
CCER-2013-0156,太阳能发电项目156,太阳能发电,山西,202.79,453955.77,2016,21,项目公司156,2016-11-23,已签发,2267107.93,True,False
CCER-2013-0157,交通节能项目157,交通节能,陕西,25.19,32050.81,2017,10,项目公司157,2017-08-05,已备案,144089.31,True,True
CCER-2013-0158,建筑节能项目158,建筑节能,云南,104.88,134639.73,2017,7,项目公司158,2017-03-07,已签发,1334646.58,True,False
CCER-2013-0159,建筑节能项目159,建筑节能,湖南,106.23,114200.77,2016,7,项目公司159,2016-08-03,已注册,572570.61,False,True
CCER-2013-0160,建筑节能项目160,建筑节能,云南,30.58,42339.06,2013,10,项目公司160,2013-01-27,已注册,303192.58,True,True
CCER-2013-0161,森林经营项目161,森林经营,浙江,194.77,323954.42,2016,7,项目公司161,2016-12-02,已注册,1337212.95,False,True
CCER-2013-0162,水力发电项目162,水力发电,湖南,29.8,52685.2,2013,21,项目公司162,2013-09-06,已备案,381431.2,True,True
CCER-2013-0163,太阳能发电项目163,太阳能发电,湖南,349.44,702474.43,2014,10,项目公司163,2014-02-16,已注册,2476733.77,True,False
CCER-2013-0164,太阳能发电项目164,太阳能发电,贵州,50.83,123816.35,2016,21,项目公司164,2016-07-16,已注销,617385.69,False,False
CCER-2013-0165,风力发电项目165,风力发电,江苏,241.93,456853.84,2017,7,项目公司165,2017-12-05,已签发,2214123.27,True,False
CCER-2013-0166,生物质发电项目166,生物质发电,陕西,117.21,132403.51,2017,10,项目公司166,2017-09-06,已注销,1169120.7,False,True
CCER-2013-0167,太阳能发电项目167,太阳能发电,四川,108.94,169167.98,2017,21,项目公司167,2017-02-20,已签发,1460668.63,True,True
CCER-2013-0168,工业节能项目168,工业节能,四川,44.16,88212.04,2014,10,项目公司168,2014-09-27,已注销,623818.84,False,False
CCER-2013-0169,森林经营项目169,森林经营,贵州,192.34,202382.2,2017,21,项目公司169,2017-11-08,已签发,2398624.84,False,True
CCER-2013-0170,垃圾填埋气发电项目170,垃圾填埋气发电,河北,86.19,93823.83,2012,21,项目公司170,2012-03-26,已签发,1081060.89,False,True
CCER-2013-0171,森林经营项目171,森林经营,新疆,56.15,48308.73,2013,21,项目公司171,2013-02-27,已注册,823796.51,False,True
CCER-2013-0172,建筑节能项目172,建筑节能,江苏,102.37,144920.91,2013,21,项目公司172,2013-04-08,已注册,818891.38,False,False
CCER-2013-0173,森林经营项目173,森林经营,广东,18.14,22139.39,2012,10,项目公司173,2012-06-07,已注销,144833.41,False,False
CCER-2013-0174,交通节能项目174,交通节能,河北,134.89,169586.57,2013,21,项目公司174,2013-03-25,已备案,1195141.72,False,True
CCER-2013-0175,风力发电项目175,风力发电,湖南,76.55,146857.84,2013,21,项目公司175,2013-08-06,已注销,1102531.78,True,False
CCER-2013-0176,水力发电项目176,水力发电,湖南,54.62,95555.31,2014,10,项目公司176,2014-09-16,已注销,785950.99,False,False
CCER-2013-0177,太阳能发电项目177,太阳能发电,内蒙古,358.72,729202.18,2012,7,东方日升,2012-07-08,已备案,4512454.93,True,False
CCER-2013-0178,建筑节能项目178,建筑节能,四川,121.56,193674.64,2013,21,项目公司178,2013-09-25,已注册,623903.76,False,False
CCER-2013-0179,煤层气利用项目179,煤层气利用,陕西,152.42,275093.73,2012,21,项目公司179,2012-05-24,已注册,1399518.83,False,False
CCER-2013-0180,太阳能发电项目180,太阳能发电,广东,171.93,296942.06,2012,7,拓日新能,2012-12-20,已备案,1884996.1,True,False
CCER-2013-0181,风力发电项目181,风力发电,云南,404.08,826055.58,2015,21,项目公司181,2015-10-28,已备案,3679429.52,True,False
CCER-2013-0182,煤层气利用项目182,煤层气利用,湖南,139.38,177869.39,2015,10,项目公司182,2015-06-13,已签发,1864738.52,False,True
CCER-2013-0183,太阳能发电项目183,太阳能发电,江苏,287.76,716388.19,2013,7,清源股份,2013-11-24,已备案,1874236.33,True,True
CCER-2013-0184,森林经营项目184,森林经营,江苏,45.96,41371.7,2013,10,项目公司184,2013-12-28,已签发,447598.42,False,False
CCER-2013-0185,工业节能项目185,工业节能,江苏,34.38,42656.38,2015,7,项目公司185,2015-03-22,已备案,473929.46,True,False
CCER-2013-0186,森林经营项目186,森林经营,江苏,196.05,237938.62,2016,7,项目公司186,2016-01-23,已注册,1492546.56,True,True
CCER-2013-0187,水力发电项目187,水力发电,新疆,36.56,69608.11,2012,10,项目公司187,2012-09-01,已注册,227467.14,True,True
CCER-2013-0188,工业节能项目188,工业节能,内蒙古,84.23,167548.55,2016,10,项目公司188,2016-08-06,已注册,564838.66,False,True
CCER-2013-0189,垃圾填埋气发电项目189,垃圾填埋气发电,广东,61.63,104707.7,2017,7,项目公司189,2017-12-21,已注销,596079.34,False,False
CCER-2013-0190,垃圾填埋气发电项目190,垃圾填埋气发电,甘肃,152.9,183118.61,2016,10,项目公司190,2016-04-12,已注销,1911511.2,False,False
CCER-2013-0191,建筑节能项目191,建筑节能,宁夏,61.87,114648.23,2013,21,项目公司191,2013-03-04,已注销,858995.71,True,True
CCER-2013-0192,太阳能发电项目192,太阳能发电,云南,455.58,1000183.22,2015,7,珈伟新能,2015-05-23,已注销,6036074.05,False,False
CCER-2013-0193,太阳能发电项目193,太阳能发电,河北,463.83,995486.6,2017,7,项目公司193,2017-01-17,已备案,4886924.67,True,True
CCER-2013-0194,垃圾填埋气发电项目194,垃圾填埋气发电,甘肃,34.32,66985.14,2014,10,项目公司194,2014-07-11,已注册,294782.54,True,False
CCER-2013-0195,生物质发电项目195,生物质发电,江苏,197.67,311408.92,2015,10,项目公司195,2015-03-05,已备案,1467130.42,True,True
CCER-2013-0196,太阳能发电项目196,太阳能发电,陕西,31.05,55930.97,2015,10,项目公司196,2015-10-28,已签发,406745.84,False,True
CCER-2013-0197,太阳能发电项目197,太阳能发电,广东,98.89,208657.97,2012,10,芯能科技,2012-12-26,已备案,536806.67,False,False
CCER-2013-0198,太阳能发电项目198,太阳能发电,贵州,131.53,313476.13,2017,7,项目公司198,2017-04-27,已注册,944306.71,True,True
CCER-2013-0199,交通节能项目199,交通节能,广东,146.19,221740.71,2017,10,项目公司199,2017-03-24,已签发,2005060.24,True,True
CCER-2013-0200,工业节能项目200,工业节能,内蒙古,196.15,220315.44,2015,21,项目公司200,2015-05-02,已注册,1772411.85,False,True
CCER-2014-0201,工业节能项目201,工业节能,山东,15.49,14343.36,2016,7,项目公司201,2016-09-19,已备案,177313.42,True,False
CCER-2014-0202,建筑节能项目202,建筑节能,河北,147.07,250372.14,2012,21,项目公司202,2012-05-09,已注册,2040381.73,True,True
CCER-2014-0203,太阳能发电项目203,太阳能发电,新疆,327.06,606346.74,2012,21,通威股份,2012-07-27,已注册,4787350.64,False,True
CCER-2014-0204,煤层气利用项目204,煤层气利用,贵州,145.35,136322.74,2014,10,项目公司204,2014-06-12,已注销,1061344.57,True,False
CCER-2014-0205,太阳能发电项目205,太阳能发电,浙江,40.38,81117.37,2015,10,项目公司205,2015-04-02,已备案,412976.88,True,False
CCER-2014-0206,生物质发电项目206,生物质发电,内蒙古,41.91,61748.72,2014,21,项目公司206,2014-03-11,已签发,374878.29,False,False
CCER-2014-0207,水力发电项目207,水力发电,湖南,139.1,256670.24,2017,10,项目公司207,2017-01-03,已签发,982339.02,False,True
CCER-2014-0208,交通节能项目208,交通节能,新疆,29.74,42609.99,2015,7,项目公司208,2015-12-21,已注销,171071.14,False,False
CCER-2014-0209,太阳能发电项目209,太阳能发电,四川,402.71,788748.78,2015,7,项目公司209,2015-03-03,已注册,2583068.35,True,True
CCER-2014-0210,太阳能发电项目210,太阳能发电,新疆,484.95,750898.59,2017,21,项目公司210,2017-08-07,已备案,2775063.75,True,True
CCER-2014-0211,工业节能项目211,工业节能,山东,7.38,13358.62,2017,21,项目公司211,2017-11-01,已签发,61576.61,True,True
CCER-2014-0212,交通节能项目212,交通节能,贵州,63.5,119139.01,2015,10,项目公司212,2015-06-17,已注销,891647.4,False,True
CCER-2014-0213,水力发电项目213,水力发电,江苏,170.13,251617.75,2012,21,项目公司213,2012-11-07,已注册,1087030.06,False,False
CCER-2014-0214,太阳能发电项目214,太阳能发电,青海,327.4,782364.62,2014,7,天合光能,2014-12-02,已注销,1924462.96,True,False
CCER-2014-0215,太阳能发电项目215,太阳能发电,湖南,12.23,18613.1,2016,7,中环股份,2016-11-26,已注册,183420.66,False,True
CCER-2014-0216,太阳能发电项目216,太阳能发电,甘肃,498.46,833067.37,2014,10,项目公司216,2014-02-09,已备案,3018676.75,True,True
CCER-2014-0217,水力发电项目217,水力发电,山西,24.01,34143.54,2013,7,项目公司217,2013-10-25,已签发,261302.59,False,True
CCER-2014-0218,森林经营项目218,森林经营,湖南,10.92,9560.59,2013,7,项目公司218,2013-09-24,已备案,122454.66,False,False
CCER-2014-0219,太阳能发电项目219,太阳能发电,江苏,48.67,85148.55,2016,21,天合光能,2016-05-17,已签发,285843.96,True,False
CCER-2014-0220,太阳能发电项目220,太阳能发电,广东,340.73,615684.52,2015,10,项目公司220,2015-07-15,已备案,3079062.98,True,False
CCER-2014-0221,交通节能项目221,交通节能,陕西,189.45,243220.24,2012,21,项目公司221,2012-09-01,已签发,1054382.82,True,False
CCER-2014-0222,太阳能发电项目222,太阳能发电,陕西,465.69,857859.01,2017,10,迈为股份,2017-05-16,已签发,4399016.45,True,True
CCER-2014-0223,煤层气利用项目223,煤层气利用,江苏,150.01,287382.54,2017,7,项目公司223,2017-12-15,已注销,1610076.2,True,False
CCER-2014-0224,交通节能项目224,交通节能,浙江,142.61,174004.84,2017,10,项目公司224,2017-10-05,已注销,1021792.67,False,False
CCER-2014-0225,水力发电项目225,水力发电,陕西,61.64,63005.18,2012,10,项目公司225,2012-07-28,已备案,454334.48,False,True
CCER-2014-0226,太阳能发电项目226,太阳能发电,广东,424.05,991780.03,2017,7,项目公司226,2017-07-23,已注册,4803977.01,False,True
CCER-2014-0227,垃圾填埋气发电项目227,垃圾填埋气发电,新疆,50.99,70247.72,2014,7,项目公司227,2014-06-15,已注销,657484.15,True,False
CCER-2014-0228,水力发电项目228,水力发电,四川,181.57,145797.75,2015,7,项目公司228,2015-08-16,已注册,2408612.72,False,False
CCER-2014-0229,生物质发电项目229,生物质发电,贵州,152.31,127432.06,2016,21,项目公司229,2016-01-25,已注册,1009616.27,False,False
CCER-2014-0230,生物质发电项目230,生物质发电,四川,173.49,246538.25,2016,10,项目公司230,2016-11-28,已签发,978184.69,True,False
CCER-2014-0231,风力发电项目231,风力发电,青海,349.42,805211.51,2012,21,项目公司231,2012-11-18,已备案,2106817.87,False,True
CCER-2014-0232,太阳能发电项目232,太阳能发电,江苏,266.66,418903.83,2016,10,项目公司232,2016-10-22,已签发,2242836.09,False,True
CCER-2014-0233,建筑节能项目233,建筑节能,江苏,126.25,191790.99,2012,21,项目公司233,2012-02-20,已备案,798524.48,False,True
CCER-2014-0234,工业节能项目234,工业节能,甘肃,25.44,25829.67,2012,21,项目公司234,2012-09-03,已签发,262201.45,False,True
CCER-2014-0235,交通节能项目235,交通节能,四川,45.22,71728.12,2012,7,项目公司235,2012-06-12,已签发,557252.09,True,True
CCER-2014-0236,风力发电项目236,风力发电,湖南,385.44,921461.72,2014,10,项目公司236,2014-01-19,已注册,3923435.55,False,False
CCER-2014-0237,水力发电项目237,水力发电,河北,141.55,161218.23,2014,10,项目公司237,2014-12-12,已注册,976165.72,True,False
CCER-2014-0238,煤层气利用项目238,煤层气利用,甘肃,197.44,322422.22,2017,10,项目公司238,2017-02-16,已签发,2699652.4,False,True
CCER-2014-0239,森林经营项目239,森林经营,内蒙古,111.31,107537.67,2013,21,项目公司239,2013-12-23,已备案,1573596.2,True,True
CCER-2014-0240,太阳能发电项目240,太阳能发电,贵州,273.63,533768.14,2012,21,项目公司240,2012-07-26,已注册,3280087.92,True,False
CCER-2014-0241,水力发电项目241,水力发电,新疆,112.41,129683.65,2012,7,项目公司241,2012-07-18,已签发,1370017.61,False,True
CCER-2014-0242,太阳能发电项目242,太阳能发电,浙江,349.81,658553.76,2014,10,项目公司242,2014-03-13,已注销,4597472.53,False,True
CCER-2014-0243,太阳能发电项目243,太阳能发电,湖南,123.68,300832.56,2017,10,隆基绿能,2017-09-27,已注销,1116167.35,True,True
CCER-2014-0244,生物质发电项目244,生物质发电,甘肃,61.62,122850.23,2012,10,项目公司244,2012-08-15,已注销,583340.64,True,True
CCER-2014-0245,森林经营项目245,森林经营,山西,51.53,80814.03,2016,21,项目公司245,2016-03-27,已注销,321328.71,False,True
CCER-2014-0246,太阳能发电项目246,太阳能发电,河北,33.53,58887.96,2012,21,项目公司246,2012-10-18,已签发,173517.53,True,True
CCER-2014-0247,森林经营项目247,森林经营,新疆,155.97,151393.53,2012,21,项目公司247,2012-01-06,已备案,1164160.6,True,True
CCER-2014-0248,太阳能发电项目248,太阳能发电,河北,400.74,736016.81,2014,21,项目公司248,2014-06-13,已注册,4626037.36,True,False
CCER-2014-0249,太阳能发电项目249,太阳能发电,湖南,171.74,385147.55,2017,10,阿特斯,2017-04-12,已签发,1308621.34,True,True
CCER-2014-0250,太阳能发电项目250,太阳能发电,江苏,177.16,412504.53,2013,21,金辰股份,2013-05-22,已注销,1965557.06,False,False
CCER-2014-0251,交通节能项目251,交通节能,江苏,194.72,297566.28,2015,21,项目公司251,2015-11-18,已注销,2211589.39,False,True
CCER-2014-0252,工业节能项目252,工业节能,青海,17.63,14678.44,2014,10,项目公司252,2014-04-22,已注册,254758.33,False,False
CCER-2014-0253,森林经营项目253,森林经营,湖南,122.98,116483.77,2013,21,项目公司253,2013-09-21,已备案,1552009.7,True,True
CCER-2014-0254,太阳能发电项目254,太阳能发电,甘肃,293.43,533494.95,2012,21,项目公司254,2012-09-04,已签发,1748009.22,True,False
CCER-2014-0255,工业节能项目255,工业节能,四川,13.12,18966.47,2013,10,项目公司255,2013-03-01,已注销,127157.74,True,True
CCER-2014-0256,工业节能项目256,工业节能,陕西,151.01,170642.02,2015,7,项目公司256,2015-12-25,已备案,1844948.17,False,False
CCER-2014-0257,煤层气利用项目257,煤层气利用,浙江,128.3,233837.0,2015,7,项目公司257,2015-12-26,已备案,1631535.24,True,True
CCER-2014-0258,风力发电项目258,风力发电,浙江,70.69,149221.67,2015,7,项目公司258,2015-12-23,已备案,506952.1,False,False
CCER-2014-0259,工业节能项目259,工业节能,新疆,98.16,98881.7,2013,7,项目公司259,2013-10-16,已注销,1320986.1,False,True
CCER-2014-0260,太阳能发电项目260,太阳能发电,广东,227.0,437221.68,2017,21,项目公司260,2017-09-02,已注册,1299845.39,True,True
CCER-2014-0261,生物质发电项目261,生物质发电,新疆,97.43,181719.6,2013,10,项目公司261,2013-07-15,已注册,520257.69,True,True
CCER-2014-0262,水力发电项目262,水力发电,江苏,29.6,51776.02,2012,21,项目公司262,2012-12-20,已备案,166706.98,True,True
CCER-2014-0263,风力发电项目263,风力发电,宁夏,308.85,587297.8,2013,7,项目公司263,2013-02-17,已注销,4451586.04,True,False
CCER-2014-0264,垃圾填埋气发电项目264,垃圾填埋气发电,湖南,54.19,102715.89,2013,10,项目公司264,2013-03-20,已备案,773090.24,False,False
CCER-2014-0265,建筑节能项目265,建筑节能,广东,184.49,332487.1,2012,10,项目公司265,2012-09-07,已签发,2506095.04,True,False
CCER-2014-0266,太阳能发电项目266,太阳能发电,云南,200.3,495217.22,2015,7,项目公司266,2015-08-15,已注销,1602497.78,True,True
CCER-2014-0267,水力发电项目267,水力发电,广东,27.51,54215.05,2017,7,项目公司267,2017-07-28,已注销,236858.7,False,True
CCER-2014-0268,太阳能发电项目268,太阳能发电,宁夏,300.41,576599.47,2015,21,项目公司268,2015-01-17,已注销,2943505.52,False,False
CCER-2014-0269,建筑节能项目269,建筑节能,山东,55.57,50560.96,2012,21,项目公司269,2012-03-19,已注销,749589.31,False,True
CCER-2014-0270,风力发电项目270,风力发电,广东,387.03,899067.22,2014,10,项目公司270,2014-12-28,已备案,2977848.91,True,True
CCER-2014-0271,太阳能发电项目271,太阳能发电,甘肃,365.12,584894.33,2015,10,项目公司271,2015-02-26,已签发,3949417.42,False,True
CCER-2014-0272,太阳能发电项目272,太阳能发电,宁夏,208.76,395623.87,2017,10,芯能科技,2017-07-05,已备案,2975647.2,True,False
CCER-2014-0273,太阳能发电项目273,太阳能发电,山西,409.06,748723.49,2013,21,珈伟新能,2013-04-06,已备案,2471886.04,False,True
CCER-2014-0274,风力发电项目274,风力发电,山东,125.88,201510.28,2013,10,项目公司274,2013-01-07,已注销,1794731.94,False,True
CCER-2014-0275,工业节能项目275,工业节能,山东,57.59,77487.57,2015,10,项目公司275,2015-07-15,已注销,489981.7,True,True
CCER-2014-0276,森林经营项目276,森林经营,浙江,112.33,159415.47,2015,10,项目公司276,2015-06-09,已签发,1210570.74,False,True
CCER-2014-0277,工业节能项目277,工业节能,湖南,136.08,228003.07,2014,10,项目公司277,2014-05-09,已签发,727502.6,True,False
CCER-2014-0278,太阳能发电项目278,太阳能发电,内蒙古,313.53,542531.11,2017,21,天合光能,2017-08-06,已注册,2258083.44,False,True
CCER-2014-0279,交通节能项目279,交通节能,山西,96.23,172096.97,2012,10,项目公司279,2012-10-04,已备案,1367640.93,False,False
CCER-2014-0280,建筑节能项目280,建筑节能,山东,113.04,175270.6,2015,10,项目公司280,2015-03-02,已注册,677499.96,False,False
CCER-2014-0281,垃圾填埋气发电项目281,垃圾填埋气发电,湖南,120.08,231006.99,2013,10,项目公司281,2013-07-28,已注册,1501061.79,True,True
CCER-2014-0282,交通节能项目282,交通节能,山西,179.34,233318.91,2016,21,项目公司282,2016-09-27,已注销,1825709.25,True,True
CCER-2014-0283,煤层气利用项目283,煤层气利用,湖南,30.88,39824.18,2014,21,项目公司283,2014-07-05,已签发,372408.19,True,True
CCER-2014-0284,垃圾填埋气发电项目284,垃圾填埋气发电,河北,95.52,171649.94,2014,10,项目公司284,2014-08-09,已注销,1015475.44,False,False
CCER-2014-0285,森林经营项目285,森林经营,广东,172.03,280207.53,2012,21,项目公司285,2012-12-06,已备案,1548491.89,False,True
CCER-2014-0286,交通节能项目286,交通节能,山东,199.82,340225.9,2015,7,项目公司286,2015-06-04,已签发,2648948.48,True,True
CCER-2014-0287,太阳能发电项目287,太阳能发电,湖南,109.11,164090.97,2015,10,项目公司287,2015-12-01,已签发,1439637.34,True,True
CCER-2014-0288,太阳能发电项目288,太阳能发电,新疆,47.13,80842.66,2015,21,项目公司288,2015-12-27,已备案,338445.61,False,True
CCER-2014-0289,太阳能发电项目289,太阳能发电,新疆,259.36,442482.82,2014,7,项目公司289,2014-10-24,已注销,1652238.35,False,True
CCER-2014-0290,生物质发电项目290,生物质发电,四川,173.71,327796.52,2015,7,项目公司290,2015-10-18,已注册,1200350.01,False,True
CCER-2014-0291,太阳能发电项目291,太阳能发电,贵州,136.99,259215.94,2013,7,上机数控,2013-09-17,已注册,868337.35,True,False
CCER-2014-0292,太阳能发电项目292,太阳能发电,浙江,268.47,562894.4,2015,10,项目公司292,2015-05-28,已注销,2033324.11,True,True
CCER-2014-0293,太阳能发电项目293,太阳能发电,陕西,398.41,908872.73,2016,21,京运通,2016-08-08,已注册,4233483.05,True,False
CCER-2014-0294,太阳能发电项目294,太阳能发电,山西,274.97,535092.28,2016,21,项目公司294,2016-03-04,已备案,2808603.69,True,True
CCER-2014-0295,太阳能发电项目295,太阳能发电,江苏,447.86,1033737.91,2012,7,项目公司295,2012-08-06,已签发,4653568.22,False,False
CCER-2014-0296,交通节能项目296,交通节能,内蒙古,85.77,160958.4,2017,10,项目公司296,2017-08-25,已签发,840878.8,False,False
CCER-2014-0297,建筑节能项目297,建筑节能,甘肃,134.72,184694.46,2013,21,项目公司297,2013-08-13,已签发,697743.57,False,False
CCER-2014-0298,交通节能项目298,交通节能,河北,151.32,137131.1,2016,21,项目公司298,2016-09-17,已注销,993409.15,False,False
CCER-2014-0299,煤层气利用项目299,煤层气利用,新疆,68.01,71318.6,2014,21,项目公司299,2014-04-24,已签发,715865.2,False,False
CCER-2014-0300,生物质发电项目300,生物质发电,甘肃,155.29,198723.16,2015,10,项目公司300,2015-04-21,已注销,973827.63,False,False
CCER-2015-0301,交通节能项目301,交通节能,贵州,20.2,26233.51,2012,10,项目公司301,2012-04-03,已备案,193001.44,False,True
CCER-2015-0302,森林经营项目302,森林经营,四川,181.5,147113.9,2012,10,项目公司302,2012-05-14,已备案,1235745.58,False,False
CCER-2015-0303,交通节能项目303,交通节能,青海,66.19,85526.34,2016,7,项目公司303,2016-06-14,已签发,610588.16,False,True
CCER-2015-0304,太阳能发电项目304,太阳能发电,陕西,488.16,880807.48,2017,10,项目公司304,2017-04-10,已注册,3704295.08,True,True
CCER-2015-0305,工业节能项目305,工业节能,新疆,147.07,198823.04,2012,7,项目公司305,2012-07-18,已备案,1366395.8,False,False
CCER-2015-0306,生物质发电项目306,生物质发电,四川,39.0,61835.67,2014,7,项目公司306,2014-08-19,已备案,437116.71,True,False
CCER-2015-0307,太阳能发电项目307,太阳能发电,贵州,343.47,693510.67,2016,21,拓日新能,2016-07-27,已备案,2646578.82,False,True
CCER-2015-0308,垃圾填埋气发电项目308,垃圾填埋气发电,浙江,105.75,181103.1,2013,10,项目公司308,2013-03-08,已注销,1579533.8,True,True
CCER-2015-0309,太阳能发电项目309,太阳能发电,山东,220.19,488919.09,2013,7,隆基绿能,2013-12-17,已签发,2604992.95,True,True
CCER-2015-0310,工业节能项目310,工业节能,山西,167.37,301229.89,2017,7,项目公司310,2017-05-11,已注册,2269671.93,False,True
CCER-2015-0311,垃圾填埋气发电项目311,垃圾填埋气发电,甘肃,168.23,322294.43,2016,10,项目公司311,2016-12-23,已签发,1683022.91,True,True
CCER-2015-0312,风力发电项目312,风力发电,广东,263.42,496084.39,2015,7,项目公司312,2015-07-08,已备案,2103415.41,False,False
CCER-2015-0313,风力发电项目313,风力发电,新疆,225.99,479365.62,2014,21,项目公司313,2014-11-21,已注册,2485748.59,False,False
CCER-2015-0314,森林经营项目314,森林经营,江苏,84.24,95770.03,2013,10,项目公司314,2013-03-14,已注册,1228449.18,True,False
CCER-2015-0315,太阳能发电项目315,太阳能发电,贵州,396.01,986874.92,2012,7,项目公司315,2012-07-22,已注销,4347857.41,True,False
CCER-2015-0316,太阳能发电项目316,太阳能发电,广东,267.34,456409.56,2015,7,项目公司316,2015-12-03,已备案,3704890.4,False,False
CCER-2015-0317,水力发电项目317,水力发电,内蒙古,119.74,122077.3,2016,7,项目公司317,2016-11-20,已备案,800082.92,True,False
CCER-2015-0318,交通节能项目318,交通节能,新疆,33.3,57492.64,2014,7,项目公司318,2014-01-24,已注册,362849.49,False,True
CCER-2015-0319,太阳能发电项目319,太阳能发电,宁夏,114.48,202924.13,2015,7,项目公司319,2015-12-08,已备案,991537.04,False,False
CCER-2015-0320,生物质发电项目320,生物质发电,广东,69.39,66634.27,2014,7,项目公司320,2014-12-11,已注册,416107.58,False,True
CCER-2015-0321,森林经营项目321,森林经营,广东,66.42,122226.6,2014,21,项目公司321,2014-08-07,已注销,714065.81,True,False
CCER-2015-0322,风力发电项目322,风力发电,云南,427.91,875010.15,2013,7,项目公司322,2013-11-15,已签发,2425960.61,True,True
CCER-2015-0323,煤层气利用项目323,煤层气利用,宁夏,22.9,45761.67,2017,7,项目公司323,2017-10-28,已注册,312177.14,True,False
CCER-2015-0324,太阳能发电项目324,太阳能发电,云南,278.44,577604.21,2012,10,项目公司324,2012-04-15,已注销,2515684.33,False,True
CCER-2015-0325,煤层气利用项目325,煤层气利用,浙江,75.08,77645.18,2013,10,项目公司325,2013-01-03,已备案,749793.63,True,True
CCER-2015-0326,太阳能发电项目326,太阳能发电,甘肃,43.43,86265.21,2012,10,项目公司326,2012-03-03,已注册,229827.65,False,False
CCER-2015-0327,森林经营项目327,森林经营,山西,60.55,91080.54,2013,21,项目公司327,2013-08-26,已注册,717449.67,False,True
CCER-2015-0328,建筑节能项目328,建筑节能,江苏,172.15,220020.6,2013,21,项目公司328,2013-04-14,已备案,1325144.13,True,False
CCER-2015-0329,太阳能发电项目329,太阳能发电,广东,318.43,645678.51,2015,10,晶科能源,2015-05-09,已注销,1619801.15,False,True
CCER-2015-0330,太阳能发电项目330,太阳能发电,广东,454.35,707331.12,2013,21,项目公司330,2013-10-12,已签发,5655130.97,True,False
CCER-2015-0331,煤层气利用项目331,煤层气利用,江苏,118.6,167360.42,2015,21,项目公司331,2015-05-03,已签发,1270243.48,False,False
CCER-2015-0332,太阳能发电项目332,太阳能发电,广东,485.55,1173780.43,2016,10,项目公司332,2016-01-06,已注册,6820641.41,False,True
CCER-2015-0333,煤层气利用项目333,煤层气利用,浙江,8.71,12991.68,2017,21,项目公司333,2017-04-19,已签发,65796.36,False,True
CCER-2015-0334,垃圾填埋气发电项目334,垃圾填埋气发电,山东,139.13,192085.26,2016,10,项目公司334,2016-04-06,已签发,1493633.27,False,True
CCER-2015-0335,太阳能发电项目335,太阳能发电,浙江,30.21,56911.65,2016,7,太阳能,2016-07-02,已备案,234224.23,False,True
CCER-2015-0336,太阳能发电项目336,太阳能发电,青海,16.97,31555.52,2016,7,通威股份,2016-02-03,已签发,196795.21,False,True
CCER-2015-0337,水力发电项目337,水力发电,广东,103.47,173698.79,2012,7,项目公司337,2012-08-18,已注销,807583.44,True,False
CCER-2015-0338,工业节能项目338,工业节能,广东,38.38,52032.14,2016,21,项目公司338,2016-04-08,已注册,533194.49,True,False
CCER-2015-0339,交通节能项目339,交通节能,浙江,143.16,231363.59,2012,10,项目公司339,2012-04-03,已注销,745001.73,True,True
CCER-2015-0340,太阳能发电项目340,太阳能发电,新疆,363.98,567448.25,2017,21,项目公司340,2017-01-05,已签发,4821317.78,True,True
CCER-2015-0341,森林经营项目341,森林经营,宁夏,131.72,250248.46,2015,10,项目公司341,2015-05-09,已注销,899495.46,False,False
CCER-2015-0342,风力发电项目342,风力发电,内蒙古,426.93,807364.17,2012,21,项目公司342,2012-12-07,已注册,6366419.07,True,False
CCER-2015-0343,建筑节能项目343,建筑节能,江苏,154.45,259221.84,2012,21,项目公司343,2012-10-17,已注册,918389.88,False,False
CCER-2015-0344,太阳能发电项目344,太阳能发电,河北,246.87,480166.12,2012,7,项目公司344,2012-12-27,已签发,1899139.94,True,True
CCER-2015-0345,工业节能项目345,工业节能,宁夏,146.71,264036.81,2017,21,项目公司345,2017-08-10,已注销,940530.89,False,False
CCER-2015-0346,生物质发电项目346,生物质发电,湖南,180.9,348337.62,2017,7,项目公司346,2017-01-04,已注册,1178864.78,False,True
CCER-2015-0347,太阳能发电项目347,太阳能发电,山西,297.27,531084.22,2012,21,项目公司347,2012-07-05,已注销,3862413.98,True,True
CCER-2015-0348,森林经营项目348,森林经营,宁夏,191.69,242961.44,2017,7,项目公司348,2017-01-06,已注册,2471352.65,False,False
CCER-2015-0349,工业节能项目349,工业节能,内蒙古,135.13,256715.26,2015,7,项目公司349,2015-02-04,已注销,681969.45,False,False
CCER-2015-0350,工业节能项目350,工业节能,湖南,40.67,75948.83,2013,7,项目公司350,2013-08-20,已注销,523682.56,True,True
CCER-2015-0351,太阳能发电项目351,太阳能发电,云南,149.54,354967.72,2017,7,京运通,2017-01-08,已签发,1491074.56,False,True
CCER-2015-0352,太阳能发电项目352,太阳能发电,江苏,214.77,458631.89,2017,10,珈伟新能,2017-10-16,已注销,2856797.27,True,True
CCER-2015-0353,森林经营项目353,森林经营,内蒙古,196.47,346004.7,2013,7,项目公司353,2013-09-09,已签发,2701365.98,True,True
CCER-2015-0354,风力发电项目354,风力发电,云南,243.69,606690.54,2013,10,项目公司354,2013-04-19,已备案,1867432.02,True,False
CCER-2015-0355,风力发电项目355,风力发电,新疆,199.76,369854.96,2014,7,项目公司355,2014-04-12,已注销,2444593.7,True,False
CCER-2015-0356,生物质发电项目356,生物质发电,云南,109.42,109042.96,2013,10,项目公司356,2013-12-10,已注销,975683.58,False,True
CCER-2015-0357,工业节能项目357,工业节能,山东,74.5,84373.25,2016,10,项目公司357,2016-11-09,已注销,903023.31,True,False
CCER-2015-0358,交通节能项目358,交通节能,江苏,109.79,208907.05,2015,7,项目公司358,2015-10-23,已注册,995007.67,False,False
CCER-2015-0359,森林经营项目359,森林经营,广东,187.4,366092.8,2013,7,项目公司359,2013-07-20,已注销,1863417.87,False,False
CCER-2015-0360,太阳能发电项目360,太阳能发电,河北,158.98,316739.38,2017,7,芯能科技,2017-04-09,已注册,1048694.13,True,False
CCER-2015-0361,建筑节能项目361,建筑节能,湖南,15.75,16620.38,2012,10,项目公司361,2012-06-04,已注销,186747.27,True,False
CCER-2015-0362,风力发电项目362,风力发电,山西,497.41,1240875.13,2013,7,项目公司362,2013-08-02,已签发,5031335.75,False,False
CCER-2015-0363,太阳能发电项目363,太阳能发电,山东,323.37,672087.1,2015,21,项目公司363,2015-07-13,已注销,4754256.18,True,False
CCER-2015-0364,太阳能发电项目364,太阳能发电,甘肃,167.85,326843.02,2017,21,晶澳科技,2017-11-18,已备案,988339.48,True,True
CCER-2015-0365,水力发电项目365,水力发电,青海,50.06,56749.1,2016,10,项目公司365,2016-11-11,已签发,361113.16,True,True
CCER-2015-0366,太阳能发电项目366,太阳能发电,江苏,410.79,859346.39,2016,7,项目公司366,2016-11-02,已备案,5540744.2,True,True
CCER-2015-0367,垃圾填埋气发电项目367,垃圾填埋气发电,陕西,33.96,37075.47,2017,10,项目公司367,2017-06-22,已备案,459116.77,False,True
CCER-2015-0368,风力发电项目368,风力发电,江苏,105.73,182073.1,2013,7,项目公司368,2013-02-09,已注销,1354105.63,True,True
CCER-2015-0369,生物质发电项目369,生物质发电,宁夏,34.94,28592.76,2016,21,项目公司369,2016-12-10,已注销,467679.26,False,True
CCER-2015-0370,风力发电项目370,风力发电,贵州,328.81,749823.79,2013,21,项目公司370,2013-01-25,已签发,3670089.48,False,False
CCER-2015-0371,太阳能发电项目371,太阳能发电,陕西,97.64,240776.9,2013,10,项目公司371,2013-02-27,已注册,807055.4,True,True
CCER-2015-0372,森林经营项目372,森林经营,江苏,6.27,10591.45,2016,10,项目公司372,2016-04-19,已签发,34980.57,False,False
CCER-2015-0373,交通节能项目373,交通节能,山西,142.71,253994.08,2015,7,项目公司373,2015-06-08,已注册,1495877.7,False,True
CCER-2015-0374,太阳能发电项目374,太阳能发电,新疆,384.29,869051.29,2013,7,金辰股份,2013-05-14,已备案,3269939.89,False,False
CCER-2015-0375,交通节能项目375,交通节能,广东,191.53,201258.2,2015,10,项目公司375,2015-01-11,已注销,1479621.62,False,True
CCER-2015-0376,水力发电项目376,水力发电,河北,64.88,79339.76,2016,21,项目公司376,2016-03-03,已签发,801136.24,False,True
CCER-2015-0377,风力发电项目377,风力发电,内蒙古,479.06,823301.62,2012,21,项目公司377,2012-11-25,已签发,4800748.06,False,False
CCER-2015-0378,太阳能发电项目378,太阳能发电,四川,271.36,483669.65,2012,7,项目公司378,2012-06-24,已签发,1379302.81,False,True
CCER-2015-0379,风力发电项目379,风力发电,甘肃,242.17,440137.14,2012,21,项目公司379,2012-03-27,已注销,2301433.21,False,False
CCER-2015-0380,太阳能发电项目380,太阳能发电,陕西,24.8,50180.27,2013,10,项目公司380,2013-03-18,已备案,216367.7,False,True
CCER-2015-0381,生物质发电项目381,生物质发电,山东,22.83,44261.65,2012,21,项目公司381,2012-07-15,已注册,295630.6,False,True
CCER-2015-0382,建筑节能项目382,建筑节能,宁夏,31.6,35866.23,2016,7,项目公司382,2016-01-05,已备案,328743.01,False,True
CCER-2015-0383,水力发电项目383,水力发电,贵州,132.26,181260.91,2016,7,项目公司383,2016-11-15,已注销,1728904.97,False,False
CCER-2015-0384,交通节能项目384,交通节能,河北,57.43,78671.9,2015,10,项目公司384,2015-10-12,已备案,693152.62,False,True
CCER-2015-0385,工业节能项目385,工业节能,陕西,89.12,129780.72,2016,7,项目公司385,2016-07-20,已签发,507358.55,False,True
CCER-2015-0386,水力发电项目386,水力发电,四川,114.69,147963.75,2014,21,项目公司386,2014-11-13,已备案,691288.31,False,True
CCER-2015-0387,工业节能项目387,工业节能,山西,127.27,217258.91,2014,7,项目公司387,2014-10-21,已签发,1692933.48,True,True
CCER-2015-0388,太阳能发电项目388,太阳能发电,河北,47.95,112895.05,2017,10,帝尔激光,2017-03-07,已注销,415044.05,True,False
CCER-2015-0389,水力发电项目389,水力发电,云南,60.8,51875.33,2013,10,项目公司389,2013-11-16,已签发,816662.64,True,True
CCER-2015-0390,生物质发电项目390,生物质发电,新疆,69.65,103728.0,2014,21,项目公司390,2014-05-15,已备案,616672.24,False,False
CCER-2015-0391,生物质发电项目391,生物质发电,河北,6.86,13153.95,2013,10,项目公司391,2013-03-25,已注销,43528.19,True,True
CCER-2015-0392,生物质发电项目392,生物质发电,内蒙古,78.5,103207.69,2014,10,项目公司392,2014-04-24,已注册,586840.74,True,True
CCER-2015-0393,太阳能发电项目393,太阳能发电,湖南,197.8,331577.4,2012,7,项目公司393,2012-02-23,已注销,2045669.23,False,False
CCER-2015-0394,太阳能发电项目394,太阳能发电,山东,297.16,584810.52,2012,10,中环股份,2012-03-01,已注册,3987964.01,True,True
CCER-2015-0395,太阳能发电项目395,太阳能发电,宁夏,471.05,1089898.16,2014,21,项目公司395,2014-08-23,已注销,5841331.48,False,False
CCER-2015-0396,森林经营项目396,森林经营,山东,123.22,191888.63,2014,7,项目公司396,2014-06-24,已注销,1705946.28,True,False
CCER-2015-0397,森林经营项目397,森林经营,云南,187.25,155859.28,2017,7,项目公司397,2017-04-03,已注销,1374377.65,False,False
CCER-2015-0398,太阳能发电项目398,太阳能发电,青海,113.66,267523.27,2013,21,项目公司398,2013-03-02,已注册,1545701.19,True,True
CCER-2015-0399,风力发电项目399,风力发电,陕西,202.61,304030.38,2013,21,项目公司399,2013-03-05,已签发,2251711.72,True,True
CCER-2015-0400,工业节能项目400,工业节能,贵州,89.12,73399.0,2012,21,项目公司400,2012-10-06,已签发,1035404.53,False,True
CCER-2016-0401,风力发电项目401,风力发电,甘肃,53.66,108705.06,2016,7,项目公司401,2016-07-12,已备案,653953.77,False,False
CCER-2016-0402,太阳能发电项目402,太阳能发电,云南,462.58,837851.91,2017,21,项目公司402,2017-12-01,已签发,4196040.47,True,False
CCER-2016-0403,太阳能发电项目403,太阳能发电,甘肃,103.12,170644.23,2017,21,东方日升,2017-12-01,已备案,1089066.33,True,False
CCER-2016-0404,太阳能发电项目404,太阳能发电,山东,403.31,748295.71,2012,7,项目公司404,2012-04-12,已备案,3943432.41,False,True
CCER-2016-0405,建筑节能项目405,建筑节能,广东,135.82,115748.56,2015,10,项目公司405,2015-08-14,已注册,719280.27,True,False
CCER-2016-0406,森林经营项目406,森林经营,湖南,126.53,134576.24,2013,21,项目公司406,2013-08-15,已注销,1307644.58,False,False
CCER-2016-0407,建筑节能项目407,建筑节能,广东,88.1,92026.89,2016,10,项目公司407,2016-05-01,已备案,1217699.26,True,False
CCER-2016-0408,森林经营项目408,森林经营,湖南,64.51,102710.38,2017,7,项目公司408,2017-04-26,已注册,381418.61,False,True
CCER-2016-0409,生物质发电项目409,生物质发电,陕西,169.29,229865.44,2014,7,项目公司409,2014-06-26,已备案,1604265.62,False,True
CCER-2016-0410,交通节能项目410,交通节能,陕西,152.38,238755.34,2016,21,项目公司410,2016-01-18,已备案,1049665.83,False,False
CCER-2016-0411,工业节能项目411,工业节能,山东,114.52,149291.67,2017,21,项目公司411,2017-10-06,已签发,578748.2,True,True
CCER-2016-0412,森林经营项目412,森林经营,新疆,82.27,104057.31,2016,21,项目公司412,2016-07-08,已注册,625359.73,True,True
CCER-2016-0413,太阳能发电项目413,太阳能发电,甘肃,99.44,172269.57,2014,7,项目公司413,2014-10-26,已注销,1156160.03,False,False
CCER-2016-0414,建筑节能项目414,建筑节能,新疆,102.32,153910.34,2013,21,项目公司414,2013-08-21,已备案,519856.34,True,True
CCER-2016-0415,太阳能发电项目415,太阳能发电,山东,459.49,700762.98,2013,10,项目公司415,2013-09-23,已注册,3147483.06,True,True
CCER-2016-0416,太阳能发电项目416,太阳能发电,内蒙古,22.56,45246.64,2014,7,拓日新能,2014-01-27,已备案,118908.97,True,False
CCER-2016-0417,太阳能发电项目417,太阳能发电,四川,168.62,364448.23,2016,21,项目公司417,2016-05-12,已注册,1621213.91,False,False
CCER-2016-0418,煤层气利用项目418,煤层气利用,内蒙古,27.32,23710.31,2015,7,项目公司418,2015-06-25,已签发,266838.53,False,False
CCER-2016-0419,生物质发电项目419,生物质发电,陕西,167.7,182809.33,2012,10,项目公司419,2012-06-24,已签发,2238469.17,False,True
CCER-2016-0420,太阳能发电项目420,太阳能发电,河北,78.29,149901.51,2014,21,项目公司420,2014-02-07,已备案,617863.59,True,True
CCER-2016-0421,风力发电项目421,风力发电,四川,416.71,894048.09,2012,7,项目公司421,2012-08-06,已注册,4034475.84,False,False
CCER-2016-0422,垃圾填埋气发电项目422,垃圾填埋气发电,陕西,181.35,349274.76,2016,7,项目公司422,2016-12-13,已备案,1696395.54,True,False
CCER-2016-0423,太阳能发电项目423,太阳能发电,宁夏,454.12,915541.9,2016,7,项目公司423,2016-01-01,已注销,2842659.73,True,False
CCER-2016-0424,煤层气利用项目424,煤层气利用,宁夏,160.34,271683.42,2017,21,项目公司424,2017-03-03,已签发,2318387.77,True,True
CCER-2016-0425,太阳能发电项目425,太阳能发电,山东,80.01,181561.55,2016,10,晶澳科技,2016-02-25,已注销,521861.92,False,False
CCER-2016-0426,交通节能项目426,交通节能,浙江,178.79,254846.41,2014,21,项目公司426,2014-06-27,已注册,1111671.91,False,False
CCER-2016-0427,垃圾填埋气发电项目427,垃圾填埋气发电,云南,60.24,108168.77,2013,10,项目公司427,2013-11-27,已注销,502829.96,False,True
CCER-2016-0428,太阳能发电项目428,太阳能发电,甘肃,137.09,213652.45,2012,21,项目公司428,2012-12-08,已注册,1513252.46,False,True
CCER-2016-0429,煤层气利用项目429,煤层气利用,山东,30.78,38093.38,2017,7,项目公司429,2017-01-16,已签发,346920.09,True,True
CCER-2016-0430,水力发电项目430,水力发电,甘肃,66.96,130320.1,2012,10,项目公司430,2012-03-13,已注册,617063.07,False,True
CCER-2016-0431,风力发电项目431,风力发电,贵州,384.63,764665.05,2012,7,项目公司431,2012-09-07,已备案,4539937.73,True,True
CCER-2016-0432,太阳能发电项目432,太阳能发电,宁夏,15.78,25808.43,2013,21,天合光能,2013-03-27,已注销,222635.33,False,True
CCER-2016-0433,太阳能发电项目433,太阳能发电,四川,10.73,26692.95,2016,10,项目公司433,2016-05-15,已注销,59648.58,True,False
CCER-2016-0434,森林经营项目434,森林经营,宁夏,107.63,145603.54,2015,10,项目公司434,2015-01-18,已注销,1250849.41,False,False
CCER-2016-0435,太阳能发电项目435,太阳能发电,陕西,366.39,634386.14,2013,10,帝尔激光,2013-06-17,已注销,2938355.26,False,True
CCER-2016-0436,太阳能发电项目436,太阳能发电,云南,83.36,131885.29,2012,10,项目公司436,2012-02-02,已备案,936418.69,True,False
CCER-2016-0437,太阳能发电项目437,太阳能发电,云南,15.04,28281.44,2013,10,项目公司437,2013-06-12,已注册,124914.25,True,False
CCER-2016-0438,交通节能项目438,交通节能,陕西,183.24,309304.51,2017,10,项目公司438,2017-10-02,已注销,1007406.64,False,True
CCER-2016-0439,太阳能发电项目439,太阳能发电,内蒙古,471.68,774419.83,2013,10,阿特斯,2013-06-17,已注册,5022843.56,False,False
CCER-2016-0440,水力发电项目440,水力发电,浙江,85.51,159401.68,2016,21,项目公司440,2016-06-05,已注册,646675.98,True,False
CCER-2016-0441,工业节能项目441,工业节能,浙江,59.43,81840.04,2014,21,项目公司441,2014-02-15,已注销,814431.36,True,False
CCER-2016-0442,太阳能发电项目442,太阳能发电,贵州,433.41,914091.3,2016,10,金辰股份,2016-06-01,已注销,3236936.0,True,True
CCER-2016-0443,煤层气利用项目443,煤层气利用,广东,56.4,51072.23,2016,21,项目公司443,2016-01-12,已注销,589872.23,True,False
CCER-2016-0444,太阳能发电项目444,太阳能发电,江苏,181.69,338394.34,2015,7,京运通,2015-09-14,已注册,1276154.96,True,True
CCER-2016-0445,生物质发电项目445,生物质发电,贵州,19.19,37475.73,2013,10,项目公司445,2013-01-21,已注销,285468.01,True,False
CCER-2016-0446,森林经营项目446,森林经营,贵州,15.54,20186.67,2015,21,项目公司446,2015-12-14,已备案,215050.13,False,True
CCER-2016-0447,建筑节能项目447,建筑节能,青海,54.5,44484.85,2017,10,项目公司447,2017-02-25,已签发,640278.91,True,True
CCER-2016-0448,太阳能发电项目448,太阳能发电,四川,387.57,667706.11,2014,21,通威股份,2014-01-19,已注册,2867112.22,False,True
CCER-2016-0449,森林经营项目449,森林经营,青海,50.63,71448.49,2017,7,项目公司449,2017-04-06,已签发,465973.66,False,False
CCER-2016-0450,太阳能发电项目450,太阳能发电,河北,29.97,62644.19,2016,7,易事特,2016-06-27,已注销,327648.25,True,True
CCER-2016-0451,交通节能项目451,交通节能,宁夏,132.95,235941.64,2012,10,项目公司451,2012-08-18,已签发,1542399.03,False,True
CCER-2016-0452,太阳能发电项目452,太阳能发电,青海,419.37,652087.34,2015,7,项目公司452,2015-03-02,已签发,5041983.25,False,False
CCER-2016-0453,森林经营项目453,森林经营,宁夏,69.32,95314.12,2014,7,项目公司453,2014-05-05,已注销,748016.97,True,True
CCER-2016-0454,建筑节能项目454,建筑节能,河北,133.2,208866.8,2017,21,项目公司454,2017-01-27,已注册,1163108.46,True,False
CCER-2016-0455,太阳能发电项目455,太阳能发电,宁夏,407.58,753985.92,2012,7,项目公司455,2012-07-25,已注册,5992188.62,False,True
CCER-2016-0456,工业节能项目456,工业节能,四川,43.72,51088.76,2012,21,项目公司456,2012-10-26,已备案,549369.34,False,True
CCER-2016-0457,太阳能发电项目457,太阳能发电,湖南,384.28,855601.63,2013,10,项目公司457,2013-02-07,已签发,2457685.88,True,True
CCER-2016-0458,太阳能发电项目458,太阳能发电,广东,363.0,677305.22,2017,21,项目公司458,2017-02-07,已签发,3207403.28,True,False
CCER-2016-0459,水力发电项目459,水力发电,山东,60.08,101842.75,2014,7,项目公司459,2014-09-14,已注销,511353.56,True,True
CCER-2016-0460,生物质发电项目460,生物质发电,江苏,68.34,129401.63,2015,10,项目公司460,2015-05-26,已注册,715310.89,True,False
CCER-2016-0461,太阳能发电项目461,太阳能发电,贵州,49.24,122634.93,2017,7,项目公司461,2017-04-06,已备案,409661.31,False,False
CCER-2016-0462,水力发电项目462,水力发电,内蒙古,109.13,131510.21,2013,10,项目公司462,2013-08-21,已注销,559605.31,True,True
CCER-2016-0463,垃圾填埋气发电项目463,垃圾填埋气发电,广东,99.32,170781.03,2017,21,项目公司463,2017-12-10,已备案,636692.33,True,False
CCER-2016-0464,太阳能发电项目464,太阳能发电,河北,172.13,330050.48,2016,10,项目公司464,2016-09-09,已注册,1931738.94,True,False
CCER-2016-0465,太阳能发电项目465,太阳能发电,甘肃,267.51,604250.31,2013,21,项目公司465,2013-03-07,已备案,1519309.01,False,False
CCER-2016-0466,垃圾填埋气发电项目466,垃圾填埋气发电,四川,37.51,73241.22,2015,10,项目公司466,2015-03-24,已签发,200193.26,False,True
CCER-2016-0467,建筑节能项目467,建筑节能,四川,91.65,181506.1,2014,7,项目公司467,2014-03-07,已注销,951978.04,False,False
CCER-2016-0468,建筑节能项目468,建筑节能,陕西,78.1,130217.85,2015,21,项目公司468,2015-06-18,已注销,1018244.73,False,False
CCER-2016-0469,森林经营项目469,森林经营,浙江,131.0,173956.46,2014,10,项目公司469,2014-12-10,已备案,920966.83,True,True
CCER-2016-0470,交通节能项目470,交通节能,湖南,46.11,76458.23,2016,10,项目公司470,2016-03-12,已注销,538502.89,True,True
CCER-2016-0471,太阳能发电项目471,太阳能发电,湖南,124.7,303473.58,2013,10,项目公司471,2013-06-22,已签发,731989.9,False,False
CCER-2016-0472,垃圾填埋气发电项目472,垃圾填埋气发电,湖南,124.33,195390.22,2015,21,项目公司472,2015-03-07,已备案,832999.06,False,False
CCER-2016-0473,垃圾填埋气发电项目473,垃圾填埋气发电,新疆,97.22,192957.41,2017,21,项目公司473,2017-06-17,已备案,843673.95,True,False
CCER-2016-0474,建筑节能项目474,建筑节能,陕西,36.48,71456.35,2017,7,项目公司474,2017-11-05,已备案,199414.98,False,True
CCER-2016-0475,太阳能发电项目475,太阳能发电,宁夏,20.34,37037.59,2014,21,项目公司475,2014-09-10,已备案,226907.27,True,True
CCER-2016-0476,太阳能发电项目476,太阳能发电,内蒙古,423.43,738575.0,2017,7,项目公司476,2017-01-07,已注册,5014672.62,True,True
CCER-2016-0477,垃圾填埋气发电项目477,垃圾填埋气发电,四川,195.98,205808.17,2017,7,项目公司477,2017-11-17,已签发,1489167.69,True,True
CCER-2016-0478,水力发电项目478,水力发电,浙江,55.07,85177.46,2017,10,项目公司478,2017-07-08,已注册,627024.22,False,True
CCER-2016-0479,风力发电项目479,风力发电,贵州,82.6,158776.94,2016,10,项目公司479,2016-05-16,已注销,795688.75,False,True
CCER-2016-0480,太阳能发电项目480,太阳能发电,新疆,373.09,850470.12,2016,7,项目公司480,2016-08-02,已注销,5422330.13,False,False
CCER-2016-0481,建筑节能项目481,建筑节能,贵州,163.04,253552.18,2014,10,项目公司481,2014-10-17,已注销,2278154.11,False,True
CCER-2016-0482,太阳能发电项目482,太阳能发电,浙江,83.4,142490.71,2012,10,项目公司482,2012-12-09,已签发,454124.93,False,True
CCER-2016-0483,水力发电项目483,水力发电,宁夏,196.87,270232.57,2014,21,项目公司483,2014-12-02,已注册,1491494.98,True,False
CCER-2016-0484,煤层气利用项目484,煤层气利用,陕西,168.67,324763.26,2014,10,项目公司484,2014-09-12,已注册,2488209.82,False,True
CCER-2016-0485,工业节能项目485,工业节能,贵州,98.69,115168.61,2015,10,项目公司485,2015-04-14,已注册,1349705.84,False,False
CCER-2016-0486,太阳能发电项目486,太阳能发电,四川,321.93,487849.56,2013,21,珈伟新能,2013-02-16,已签发,3767935.51,False,True
CCER-2016-0487,煤层气利用项目487,煤层气利用,湖南,123.77,213000.29,2015,7,项目公司487,2015-06-14,已签发,946576.52,True,False
CCER-2016-0488,水力发电项目488,水力发电,贵州,187.28,172796.47,2014,10,项目公司488,2014-10-04,已注销,1353562.06,False,True
CCER-2016-0489,建筑节能项目489,建筑节能,四川,103.85,137489.54,2013,10,项目公司489,2013-03-02,已备案,806023.38,True,False
CCER-2016-0490,建筑节能项目490,建筑节能,贵州,38.29,39308.6,2012,21,项目公司490,2012-07-04,已备案,327185.01,True,False
CCER-2016-0491,交通节能项目491,交通节能,内蒙古,156.37,267437.44,2015,10,项目公司491,2015-03-17,已签发,2015552.75,True,True
CCER-2016-0492,水力发电项目492,水力发电,宁夏,105.92,164514.44,2017,7,项目公司492,2017-05-21,已签发,1435298.53,False,False
CCER-2016-0493,太阳能发电项目493,太阳能发电,广东,337.58,588066.09,2016,10,项目公司493,2016-12-23,已注册,4246674.59,False,True
CCER-2016-0494,工业节能项目494,工业节能,江苏,94.48,142383.54,2013,7,项目公司494,2013-06-17,已注销,667296.6,False,False
CCER-2016-0495,工业节能项目495,工业节能,山东,57.87,53081.49,2015,7,项目公司495,2015-08-11,已备案,765362.14,False,False
CCER-2016-0496,森林经营项目496,森林经营,浙江,168.37,225173.25,2016,10,项目公司496,2016-09-18,已备案,1446176.19,True,True
CCER-2016-0497,太阳能发电项目497,太阳能发电,甘肃,346.6,796120.21,2016,10,项目公司497,2016-06-04,已备案,3532081.47,False,False
CCER-2016-0498,建筑节能项目498,建筑节能,湖南,147.9,260634.17,2017,21,项目公司498,2017-09-26,已备案,1048806.03,True,False
CCER-2016-0499,太阳能发电项目499,太阳能发电,新疆,235.46,569151.64,2013,10,奥特维,2013-08-12,已签发,2034825.61,False,False
CCER-2016-0500,森林经营项目500,森林经营,甘肃,73.95,90755.05,2015,7,项目公司500,2015-12-10,已签发,482412.57,True,True
CCER-2017-0501,太阳能发电项目501,太阳能发电,云南,125.06,218237.78,2014,7,太阳能,2014-06-23,已注册,1366030.46,True,True
CCER-2017-0502,风力发电项目502,风力发电,新疆,188.62,373424.34,2012,10,项目公司502,2012-06-22,已签发,2437067.77,False,True
CCER-2017-0503,太阳能发电项目503,太阳能发电,广东,476.07,788084.22,2013,10,芯能科技,2013-09-14,已备案,3410677.18,True,True
CCER-2017-0504,交通节能项目504,交通节能,贵州,49.05,88356.0,2017,10,项目公司504,2017-06-05,已注册,261412.12,True,False
CCER-2017-0505,工业节能项目505,工业节能,贵州,42.91,55845.15,2012,7,项目公司505,2012-01-01,已签发,591178.53,True,True
CCER-2017-0506,太阳能发电项目506,太阳能发电,河北,373.09,789748.55,2012,10,项目公司506,2012-07-22,已备案,2237351.1,False,True
CCER-2017-0507,太阳能发电项目507,太阳能发电,广东,144.49,317441.25,2017,7,奥特维,2017-12-09,已签发,871103.2,False,True
CCER-2017-0508,生物质发电项目508,生物质发电,广东,13.28,24609.85,2017,21,项目公司508,2017-11-09,已备案,166149.53,False,True
CCER-2017-0509,煤层气利用项目509,煤层气利用,浙江,143.86,242819.72,2012,7,项目公司509,2012-06-14,已签发,1334696.3,True,True
CCER-2017-0510,生物质发电项目510,生物质发电,广东,142.91,205290.02,2015,7,项目公司510,2015-06-13,已备案,1151461.84,False,False
CCER-2017-0511,煤层气利用项目511,煤层气利用,甘肃,53.72,100815.72,2015,7,项目公司511,2015-10-05,已注册,654808.96,False,False
CCER-2017-0512,太阳能发电项目512,太阳能发电,内蒙古,51.33,97298.03,2014,7,项目公司512,2014-01-13,已注册,502058.33,True,True
CCER-2017-0513,煤层气利用项目513,煤层气利用,新疆,56.59,109011.37,2015,10,项目公司513,2015-11-06,已注册,785891.51,True,True
CCER-2017-0514,垃圾填埋气发电项目514,垃圾填埋气发电,浙江,32.8,55135.02,2017,7,项目公司514,2017-12-10,已备案,433252.49,True,True
CCER-2017-0515,生物质发电项目515,生物质发电,江苏,114.83,192337.15,2016,7,项目公司515,2016-12-22,已注销,1577138.56,True,False
CCER-2017-0516,太阳能发电项目516,太阳能发电,河北,454.18,1017388.74,2013,21,项目公司516,2013-05-06,已备案,3108427.97,False,False
CCER-2017-0517,生物质发电项目517,生物质发电,山西,116.79,193932.68,2013,10,项目公司517,2013-08-01,已备案,680902.87,True,False
CCER-2017-0518,太阳能发电项目518,太阳能发电,山东,446.34,1086021.87,2016,21,奥特维,2016-01-16,已注册,4174271.1,True,True
CCER-2017-0519,水力发电项目519,水力发电,宁夏,162.87,251960.34,2012,10,项目公司519,2012-11-12,已签发,889777.69,True,False
CCER-2017-0520,建筑节能项目520,建筑节能,山西,153.75,241731.24,2014,7,项目公司520,2014-07-25,已注册,1718421.29,False,False
CCER-2017-0521,水力发电项目521,水力发电,浙江,105.63,142086.15,2013,21,项目公司521,2013-09-28,已备案,1305048.96,False,False
CCER-2017-0522,垃圾填埋气发电项目522,垃圾填埋气发电,内蒙古,16.56,28828.08,2017,7,项目公司522,2017-06-16,已签发,145254.37,False,False
CCER-2017-0523,风力发电项目523,风力发电,新疆,131.82,269167.74,2013,10,项目公司523,2013-01-02,已备案,1708126.52,True,False
CCER-2017-0524,太阳能发电项目524,太阳能发电,新疆,125.32,258633.83,2016,7,项目公司524,2016-03-11,已注册,1878164.18,False,True
CCER-2017-0525,交通节能项目525,交通节能,宁夏,87.91,112353.47,2013,10,项目公司525,2013-10-22,已备案,599225.76,False,True
CCER-2017-0526,风力发电项目526,风力发电,山东,322.25,584488.4,2014,21,项目公司526,2014-05-20,已签发,1769467.03,False,False
CCER-2017-0527,太阳能发电项目527,太阳能发电,云南,31.36,73583.85,2014,7,项目公司527,2014-08-20,已备案,235680.54,True,True
CCER-2017-0528,煤层气利用项目528,煤层气利用,宁夏,99.44,180547.87,2015,21,项目公司528,2015-06-27,已注销,750712.93,True,True
CCER-2017-0529,太阳能发电项目529,太阳能发电,陕西,196.74,406325.54,2013,10,项目公司529,2013-01-19,已签发,1656067.14,False,True
CCER-2017-0530,太阳能发电项目530,太阳能发电,云南,360.29,556322.21,2012,21,项目公司530,2012-06-01,已备案,2763686.14,False,False
CCER-2017-0531,交通节能项目531,交通节能,宁夏,117.94,181727.8,2015,21,项目公司531,2015-08-28,已注册,871366.23,True,False
CCER-2017-0532,太阳能发电项目532,太阳能发电,甘肃,124.76,212998.04,2016,21,项目公司532,2016-01-16,已备案,930373.14,False,True
CCER-2017-0533,太阳能发电项目533,太阳能发电,内蒙古,223.47,420955.96,2013,7,项目公司533,2013-10-15,已备案,1361368.14,False,False
CCER-2017-0534,森林经营项目534,森林经营,内蒙古,184.25,157795.55,2014,7,项目公司534,2014-06-15,已注册,2636783.2,False,False
CCER-2017-0535,太阳能发电项目535,太阳能发电,浙江,173.76,269392.34,2012,7,项目公司535,2012-07-12,已注册,1249981.19,False,False
CCER-2017-0536,太阳能发电项目536,太阳能发电,新疆,363.08,672636.62,2015,21,珈伟新能,2015-03-22,已注册,4334775.51,False,True
CCER-2017-0537,建筑节能项目537,建筑节能,江苏,77.94,146435.34,2017,7,项目公司537,2017-06-04,已注销,683932.92,True,True
CCER-2017-0538,生物质发电项目538,生物质发电,湖南,141.38,279686.52,2014,10,项目公司538,2014-08-02,已备案,1672919.88,False,False
CCER-2017-0539,太阳能发电项目539,太阳能发电,宁夏,479.76,1097729.96,2016,10,项目公司539,2016-11-17,已备案,3447586.65,False,True
CCER-2017-0540,太阳能发电项目540,太阳能发电,山西,98.63,183686.31,2014,7,项目公司540,2014-09-13,已签发,701543.18,False,False
CCER-2017-0541,森林经营项目541,森林经营,山西,103.25,90023.35,2013,10,项目公司541,2013-04-12,已签发,1332890.45,False,True
CCER-2017-0542,森林经营项目542,森林经营,山东,51.36,60035.76,2012,10,项目公司542,2012-06-17,已注册,668523.8,True,False
CCER-2017-0543,森林经营项目543,森林经营,江苏,134.63,112169.67,2012,7,项目公司543,2012-02-14,已签发,1170953.7,True,False
CCER-2017-0544,太阳能发电项目544,太阳能发电,青海,136.75,205674.92,2012,21,项目公司544,2012-12-28,已注销,1799431.44,True,False
CCER-2017-0545,太阳能发电项目545,太阳能发电,河北,285.74,534851.66,2016,21,东方日升,2016-03-07,已备案,1595233.85,False,False
CCER-2017-0546,交通节能项目546,交通节能,山西,118.14,147192.27,2012,7,项目公司546,2012-02-10,已注销,1729166.02,True,True
CCER-2017-0547,煤层气利用项目547,煤层气利用,湖南,163.29,232515.64,2017,21,项目公司547,2017-08-22,已备案,2373460.18,False,True
CCER-2017-0548,建筑节能项目548,建筑节能,内蒙古,8.56,11552.49,2012,7,项目公司548,2012-01-23,已注销,119252.61,False,False
CCER-2017-0549,水力发电项目549,水力发电,江苏,12.48,13631.28,2012,10,项目公司549,2012-01-05,已签发,97913.93,True,False
CCER-2017-0550,森林经营项目550,森林经营,四川,9.21,13154.79,2014,7,项目公司550,2014-02-20,已注销,67557.24,False,False
CCER-2017-0551,煤层气利用项目551,煤层气利用,湖南,127.62,187298.4,2015,10,项目公司551,2015-05-21,已签发,1833549.75,False,False
CCER-2017-0552,太阳能发电项目552,太阳能发电,河北,132.58,215721.41,2015,10,项目公司552,2015-11-04,已注册,1988049.59,False,False
CCER-2017-0553,生物质发电项目553,生物质发电,新疆,154.63,265385.58,2016,21,项目公司553,2016-04-28,已注销,2186829.35,False,True
CCER-2017-0554,工业节能项目554,工业节能,青海,79.78,96856.4,2017,10,项目公司554,2017-05-21,已注册,1065495.09,False,False
CCER-2017-0555,生物质发电项目555,生物质发电,陕西,66.03,87569.22,2013,7,项目公司555,2013-11-21,已签发,780491.78,True,False
CCER-2017-0556,建筑节能项目556,建筑节能,甘肃,144.28,218983.74,2013,21,项目公司556,2013-09-28,已备案,1416770.79,True,True
CCER-2017-0557,工业节能项目557,工业节能,山西,138.63,119558.21,2013,7,项目公司557,2013-02-14,已注销,1791828.02,True,True
CCER-2017-0558,交通节能项目558,交通节能,内蒙古,144.85,277069.12,2014,7,项目公司558,2014-06-22,已签发,1242813.58,False,True
CCER-2017-0559,太阳能发电项目559,太阳能发电,宁夏,344.05,838191.6,2012,21,项目公司559,2012-08-27,已注销,3752950.63,False,True
CCER-2017-0560,太阳能发电项目560,太阳能发电,河北,172.06,268873.34,2017,21,拓日新能,2017-01-17,已备案,1012678.56,True,False
CCER-2017-0561,太阳能发电项目561,太阳能发电,广东,431.12,1043705.13,2012,7,项目公司561,2012-11-25,已注销,4515592.37,True,False
CCER-2017-0562,太阳能发电项目562,太阳能发电,云南,100.96,205252.77,2012,7,项目公司562,2012-08-16,已备案,1235824.14,True,False
CCER-2017-0563,森林经营项目563,森林经营,新疆,128.71,112661.21,2013,10,项目公司563,2013-08-17,已注销,1222320.88,True,False
CCER-2017-0564,水力发电项目564,水力发电,山西,39.77,31914.16,2017,10,项目公司564,2017-03-04,已注册,432542.09,True,True
CCER-2017-0565,生物质发电项目565,生物质发电,新疆,170.62,201475.19,2015,7,项目公司565,2015-07-24,已注销,1278359.69,False,False
CCER-2017-0566,太阳能发电项目566,太阳能发电,青海,140.52,238592.33,2017,21,项目公司566,2017-08-07,已签发,1599580.74,True,False
CCER-2017-0567,风力发电项目567,风力发电,云南,234.64,471140.58,2012,7,项目公司567,2012-08-12,已签发,2682783.74,False,False
CCER-2017-0568,风力发电项目568,风力发电,河北,336.25,616166.63,2014,21,项目公司568,2014-06-15,已签发,3505608.13,False,False
CCER-2017-0569,太阳能发电项目569,太阳能发电,湖南,207.57,412505.31,2016,21,项目公司569,2016-09-28,已注销,2329669.54,True,False
CCER-2017-0570,太阳能发电项目570,太阳能发电,青海,152.99,351025.52,2017,7,项目公司570,2017-08-10,已注销,1595854.38,True,True
CCER-2017-0571,太阳能发电项目571,太阳能发电,浙江,145.16,234725.08,2015,10,项目公司571,2015-06-03,已备案,842460.86,False,False
CCER-2017-0572,生物质发电项目572,生物质发电,宁夏,142.48,235403.63,2015,21,项目公司572,2015-12-18,已注册,1221393.64,False,False
CCER-2017-0573,垃圾填埋气发电项目573,垃圾填埋气发电,山西,13.19,26302.02,2017,7,项目公司573,2017-08-03,已注册,98493.35,True,False
CCER-2017-0574,太阳能发电项目574,太阳能发电,山东,264.48,610835.65,2017,7,项目公司574,2017-06-16,已备案,1386854.65,True,True
CCER-2017-0575,交通节能项目575,交通节能,陕西,10.7,13678.44,2016,7,项目公司575,2016-02-15,已注销,140788.88,False,True
CCER-2017-0576,太阳能发电项目576,太阳能发电,山西,190.14,302286.75,2016,10,项目公司576,2016-05-18,已注销,2334992.18,True,False
CCER-2017-0577,垃圾填埋气发电项目577,垃圾填埋气发电,宁夏,71.7,109514.37,2016,7,项目公司577,2016-10-21,已注销,637498.26,False,True
CCER-2017-0578,建筑节能项目578,建筑节能,甘肃,29.06,28954.26,2017,21,项目公司578,2017-05-09,已备案,228427.06,False,False
CCER-2017-0579,风力发电项目579,风力发电,云南,73.35,132548.01,2014,10,项目公司579,2014-11-18,已备案,984064.73,False,True
CCER-2017-0580,工业节能项目580,工业节能,新疆,35.79,66340.37,2017,7,项目公司580,2017-01-11,已备案,349110.95,True,False
CCER-2017-0581,生物质发电项目581,生物质发电,四川,148.4,261058.93,2013,21,项目公司581,2013-11-02,已注册,1733004.42,False,False
CCER-2017-0582,太阳能发电项目582,太阳能发电,陕西,193.89,439861.29,2017,21,晶科能源,2017-06-13,已签发,2339391.58,False,False
CCER-2017-0583,水力发电项目583,水力发电,青海,32.25,32380.66,2014,10,项目公司583,2014-06-25,已注销,287764.39,False,True
CCER-2017-0584,太阳能发电项目584,太阳能发电,内蒙古,228.06,437810.63,2013,21,芯能科技,2013-08-16,已签发,2553925.59,True,False
CCER-2017-0585,垃圾填埋气发电项目585,垃圾填埋气发电,江苏,154.33,126211.27,2017,10,项目公司585,2017-08-15,已签发,1664240.12,True,False
CCER-2017-0586,水力发电项目586,水力发电,青海,24.37,21827.16,2014,10,项目公司586,2014-11-12,已备案,319545.22,False,True
CCER-2017-0587,太阳能发电项目587,太阳能发电,宁夏,262.42,534037.93,2014,21,项目公司587,2014-09-17,已注销,1950510.63,False,True
CCER-2017-0588,水力发电项目588,水力发电,青海,77.09,110159.72,2016,10,项目公司588,2016-02-14,已签发,720428.66,False,False
CCER-2017-0589,垃圾填埋气发电项目589,垃圾填埋气发电,山东,59.32,71421.57,2013,21,项目公司589,2013-07-10,已备案,865826.87,True,True
CCER-2017-0590,太阳能发电项目590,太阳能发电,内蒙古,435.67,1078232.65,2016,21,项目公司590,2016-06-25,已注册,6287030.69,True,True
CCER-2017-0591,垃圾填埋气发电项目591,垃圾填埋气发电,宁夏,66.47,96217.04,2013,10,项目公司591,2013-12-03,已备案,561884.59,False,False
CCER-2017-0592,生物质发电项目592,生物质发电,江苏,185.08,223324.95,2012,21,项目公司592,2012-10-25,已注销,2262697.95,True,False
CCER-2017-0593,垃圾填埋气发电项目593,垃圾填埋气发电,内蒙古,70.54,105163.05,2016,21,项目公司593,2016-04-13,已注销,491080.95,True,True
CCER-2017-0594,水力发电项目594,水力发电,陕西,23.77,36054.15,2017,21,项目公司594,2017-06-13,已备案,119964.35,True,True
CCER-2017-0595,太阳能发电项目595,太阳能发电,贵州,284.51,685004.26,2015,10,项目公司595,2015-07-01,已备案,1862085.27,False,True
CCER-2017-0596,风力发电项目596,风力发电,贵州,174.06,271705.03,2012,21,项目公司596,2012-03-24,已注销,2060318.15,True,True
CCER-2017-0597,太阳能发电项目597,太阳能发电,宁夏,476.05,1183241.03,2016,7,项目公司597,2016-03-01,已注册,2847861.68,True,True
CCER-2017-0598,太阳能发电项目598,太阳能发电,甘肃,122.79,265270.15,2014,7,项目公司598,2014-05-06,已备案,1144137.35,True,False
CCER-2017-0599,太阳能发电项目599,太阳能发电,内蒙古,95.3,219275.83,2015,7,捷佳伟创,2015-01-26,已注册,497814.68,True,True
CCER-2017-0600,太阳能发电项目600,太阳能发电,陕西,56.89,139913.04,2017,21,帝尔激光,2017-05-05,已签发,582900.41,True,False
CCER-2018-0601,太阳能发电项目601,太阳能发电,青海,410.25,681147.69,2017,10,项目公司601,2017-11-25,已注册,3714982.96,False,False
CCER-2018-0602,森林经营项目602,森林经营,陕西,136.55,220798.47,2013,10,项目公司602,2013-05-17,已签发,2029652.23,True,True
CCER-2018-0603,太阳能发电项目603,太阳能发电,山西,270.32,536369.71,2017,10,东方日升,2017-11-08,已签发,3874387.82,False,True
CCER-2018-0604,煤层气利用项目604,煤层气利用,山西,184.65,189316.97,2016,7,项目公司604,2016-05-21,已签发,1530899.11,False,True
CCER-2018-0605,太阳能发电项目605,太阳能发电,甘肃,431.19,1031246.44,2012,7,项目公司605,2012-11-02,已签发,2469843.95,True,True
CCER-2018-0606,煤层气利用项目606,煤层气利用,内蒙古,71.38,142466.91,2013,10,项目公司606,2013-10-12,已备案,454554.99,False,True
CCER-2018-0607,水力发电项目607,水力发电,四川,153.98,255349.19,2016,7,项目公司607,2016-08-19,已备案,1138751.14,True,True
CCER-2018-0608,垃圾填埋气发电项目608,垃圾填埋气发电,内蒙古,134.98,114071.8,2016,21,项目公司608,2016-04-20,已备案,1139684.34,True,True
CCER-2018-0609,生物质发电项目609,生物质发电,新疆,53.81,97596.99,2016,21,项目公司609,2016-06-10,已注册,527011.88,False,True
CCER-2018-0610,太阳能发电项目610,太阳能发电,甘肃,206.38,345560.81,2012,21,项目公司610,2012-05-03,已注销,1537287.38,False,True
CCER-2018-0611,煤层气利用项目611,煤层气利用,甘肃,145.68,166817.4,2014,10,项目公司611,2014-12-20,已注册,1623211.02,True,True
CCER-2018-0612,太阳能发电项目612,太阳能发电,云南,232.19,370937.46,2015,7,金辰股份,2015-01-02,已签发,2759466.23,False,True
CCER-2018-0613,森林经营项目613,森林经营,广东,61.17,105212.81,2012,21,项目公司613,2012-06-14,已备案,345691.26,False,True
CCER-2018-0614,交通节能项目614,交通节能,新疆,161.83,262606.72,2015,21,项目公司614,2015-07-12,已签发,2143740.0,False,False
CCER-2018-0615,风力发电项目615,风力发电,青海,176.3,412453.83,2012,7,项目公司615,2012-12-14,已签发,2036064.74,True,False
CCER-2018-0616,垃圾填埋气发电项目616,垃圾填埋气发电,贵州,66.38,107150.76,2013,7,项目公司616,2013-10-26,已备案,349722.12,True,False
CCER-2018-0617,太阳能发电项目617,太阳能发电,甘肃,187.68,331963.31,2013,10,项目公司617,2013-08-09,已签发,1012295.57,False,True
CCER-2018-0618,太阳能发电项目618,太阳能发电,内蒙古,180.17,332788.72,2016,10,项目公司618,2016-05-13,已备案,1120184.44,False,True
CCER-2018-0619,交通节能项目619,交通节能,四川,111.62,111588.24,2013,7,项目公司619,2013-09-20,已签发,882370.66,False,False
CCER-2018-0620,风力发电项目620,风力发电,江苏,441.6,926589.7,2014,21,项目公司620,2014-04-18,已签发,6046075.91,True,True
CCER-2018-0621,风力发电项目621,风力发电,青海,422.86,1007701.96,2012,10,项目公司621,2012-10-05,已注册,5326154.63,True,True
CCER-2018-0622,太阳能发电项目622,太阳能发电,云南,430.89,737289.51,2017,21,福斯特,2017-09-16,已备案,5484060.38,False,True
CCER-2018-0623,风力发电项目623,风力发电,新疆,130.75,213365.77,2017,7,项目公司623,2017-06-22,已注销,1079693.92,False,False
CCER-2018-0624,建筑节能项目624,建筑节能,浙江,134.86,110006.36,2013,21,项目公司624,2013-07-03,已注销,980748.08,True,True
CCER-2018-0625,太阳能发电项目625,太阳能发电,内蒙古,360.14,645699.1,2015,7,项目公司625,2015-07-13,已备案,1930039.71,True,True
CCER-2018-0626,建筑节能项目626,建筑节能,四川,101.11,162539.17,2016,21,项目公司626,2016-05-27,已注销,1360260.73,True,False
CCER-2018-0627,工业节能项目627,工业节能,宁夏,42.64,79480.99,2015,10,项目公司627,2015-05-15,已备案,495306.82,True,False
CCER-2018-0628,垃圾填埋气发电项目628,垃圾填埋气发电,云南,32.94,30906.63,2015,21,项目公司628,2015-04-22,已备案,231247.48,True,False
CCER-2018-0629,垃圾填埋气发电项目629,垃圾填埋气发电,内蒙古,21.6,37784.88,2016,21,项目公司629,2016-04-11,已签发,197624.97,False,True
CCER-2018-0630,垃圾填埋气发电项目630,垃圾填埋气发电,新疆,160.47,143532.04,2013,7,项目公司630,2013-01-17,已备案,913780.75,False,False
CCER-2018-0631,垃圾填埋气发电项目631,垃圾填埋气发电,河北,186.56,210509.91,2015,7,项目公司631,2015-07-21,已备案,2414270.81,True,False
CCER-2018-0632,建筑节能项目632,建筑节能,新疆,15.15,12719.38,2016,21,项目公司632,2016-06-13,已签发,112823.95,False,False
CCER-2018-0633,森林经营项目633,森林经营,山西,33.63,53300.56,2017,21,项目公司633,2017-12-01,已备案,192015.65,False,False
CCER-2018-0634,水力发电项目634,水力发电,宁夏,168.48,320426.13,2015,21,项目公司634,2015-03-07,已注销,1597879.94,False,True
CCER-2018-0635,森林经营项目635,森林经营,云南,84.33,141541.05,2012,10,项目公司635,2012-02-18,已备案,909849.9,False,True
CCER-2018-0636,生物质发电项目636,生物质发电,浙江,127.68,192319.68,2017,10,项目公司636,2017-11-27,已签发,1175356.45,False,True
CCER-2018-0637,生物质发电项目637,生物质发电,陕西,69.17,96376.35,2016,10,项目公司637,2016-07-16,已签发,819540.95,False,True
CCER-2018-0638,水力发电项目638,水力发电,河北,139.33,242176.82,2014,7,项目公司638,2014-06-25,已签发,1313926.55,True,True
CCER-2018-0639,太阳能发电项目639,太阳能发电,青海,291.96,659996.54,2013,21,项目公司639,2013-01-05,已注册,2158600.76,True,True
CCER-2018-0640,生物质发电项目640,生物质发电,甘肃,44.22,41912.39,2014,21,项目公司640,2014-07-05,已注册,513676.54,False,False
CCER-2018-0641,太阳能发电项目641,太阳能发电,四川,105.75,189518.04,2013,7,项目公司641,2013-10-12,已注册,723391.53,False,True
CCER-2018-0642,太阳能发电项目642,太阳能发电,宁夏,134.95,251382.93,2014,10,项目公司642,2014-11-03,已备案,1166033.39,True,True
CCER-2018-0643,太阳能发电项目643,太阳能发电,甘肃,481.63,838660.25,2013,10,项目公司643,2013-11-18,已注册,5269463.1,True,True
CCER-2018-0644,建筑节能项目644,建筑节能,山西,138.02,209173.64,2016,10,项目公司644,2016-07-24,已注册,941651.47,True,False
CCER-2018-0645,生物质发电项目645,生物质发电,新疆,63.75,127151.49,2014,21,项目公司645,2014-07-16,已注销,488591.57,False,False
CCER-2018-0646,生物质发电项目646,生物质发电,陕西,151.54,267585.22,2013,21,项目公司646,2013-08-12,已备案,2008825.84,False,True
CCER-2018-0647,太阳能发电项目647,太阳能发电,宁夏,165.85,307198.98,2013,10,项目公司647,2013-01-12,已备案,1898608.99,False,False
CCER-2018-0648,风力发电项目648,风力发电,广东,214.09,419858.76,2014,21,项目公司648,2014-03-15,已注册,1404360.55,False,False
CCER-2018-0649,森林经营项目649,森林经营,宁夏,154.63,294987.09,2013,7,项目公司649,2013-05-22,已注册,1133878.9,True,False
CCER-2018-0650,太阳能发电项目650,太阳能发电,贵州,286.78,479107.54,2014,7,项目公司650,2014-04-05,已签发,2827220.2,True,True
CCER-2018-0651,生物质发电项目651,生物质发电,陕西,50.82,99531.27,2017,21,项目公司651,2017-09-12,已签发,608978.44,True,False
CCER-2018-0652,水力发电项目652,水力发电,山东,47.54,82211.93,2012,7,项目公司652,2012-05-14,已注销,493418.29,False,False
CCER-2018-0653,生物质发电项目653,生物质发电,浙江,168.11,234543.59,2012,7,项目公司653,2012-05-13,已注册,1669809.11,True,False
CCER-2018-0654,垃圾填埋气发电项目654,垃圾填埋气发电,广东,22.89,35615.72,2014,21,项目公司654,2014-12-04,已签发,229996.5,False,False
CCER-2018-0655,水力发电项目655,水力发电,贵州,62.15,94217.36,2016,7,项目公司655,2016-08-18,已签发,889244.95,False,True
CCER-2018-0656,风力发电项目656,风力发电,四川,289.07,452876.91,2017,7,项目公司656,2017-11-16,已注册,2051649.91,False,True
CCER-2018-0657,水力发电项目657,水力发电,内蒙古,63.25,66559.16,2016,10,项目公司657,2016-05-04,已注册,349846.27,False,False
CCER-2018-0658,森林经营项目658,森林经营,贵州,36.11,57230.46,2015,21,项目公司658,2015-12-06,已注册,351689.44,False,False
CCER-2018-0659,垃圾填埋气发电项目659,垃圾填埋气发电,四川,71.76,113693.14,2013,21,项目公司659,2013-05-13,已备案,397406.27,False,True
CCER-2018-0660,太阳能发电项目660,太阳能发电,河北,215.2,335762.24,2016,10,项目公司660,2016-06-16,已注销,1077510.9,False,False
CCER-2018-0661,森林经营项目661,森林经营,四川,54.47,87525.64,2017,7,项目公司661,2017-08-10,已签发,468295.66,False,True
CCER-2018-0662,水力发电项目662,水力发电,浙江,113.59,177603.37,2013,21,项目公司662,2013-09-04,已注册,1078546.15,True,True
CCER-2018-0663,水力发电项目663,水力发电,河北,100.12,173698.44,2016,21,项目公司663,2016-11-25,已备案,1129830.36,True,False
CCER-2018-0664,生物质发电项目664,生物质发电,山东,82.87,143812.06,2015,10,项目公司664,2015-03-12,已注册,1053422.3,True,False
CCER-2018-0665,生物质发电项目665,生物质发电,浙江,186.05,234846.88,2015,7,项目公司665,2015-01-23,已注销,1286425.81,True,True
CCER-2018-0666,工业节能项目666,工业节能,湖南,70.29,77821.69,2014,7,项目公司666,2014-07-16,已注册,779695.97,False,True
CCER-2018-0667,建筑节能项目667,建筑节能,青海,84.04,162141.75,2013,7,项目公司667,2013-10-05,已注销,1109010.55,False,True
CCER-2018-0668,太阳能发电项目668,太阳能发电,新疆,283.63,659156.62,2015,10,奥特维,2015-11-18,已签发,1659242.04,True,False
CCER-2018-0669,建筑节能项目669,建筑节能,贵州,36.88,58468.97,2016,10,项目公司669,2016-10-01,已签发,536046.29,False,True
CCER-2018-0670,煤层气利用项目670,煤层气利用,云南,161.77,249579.61,2015,7,项目公司670,2015-12-07,已注销,1585158.08,False,False
CCER-2018-0671,工业节能项目671,工业节能,新疆,144.11,193460.55,2014,7,项目公司671,2014-08-10,已备案,790517.4,False,False
CCER-2018-0672,太阳能发电项目672,太阳能发电,贵州,352.0,569704.52,2013,7,项目公司672,2013-06-08,已注销,4411116.1,True,False
CCER-2018-0673,垃圾填埋气发电项目673,垃圾填埋气发电,内蒙古,177.8,263298.49,2013,10,项目公司673,2013-11-06,已注册,2400159.62,True,False
CCER-2018-0674,工业节能项目674,工业节能,山西,146.81,235580.78,2012,7,项目公司674,2012-06-19,已注册,1472474.1,False,True
CCER-2018-0675,垃圾填埋气发电项目675,垃圾填埋气发电,贵州,73.54,139166.8,2015,7,项目公司675,2015-03-28,已签发,995831.87,False,True
CCER-2018-0676,太阳能发电项目676,太阳能发电,贵州,107.57,197008.31,2017,7,项目公司676,2017-03-15,已注册,882313.02,True,False
CCER-2018-0677,水力发电项目677,水力发电,宁夏,45.4,69483.98,2016,7,项目公司677,2016-09-17,已注销,571708.84,True,True
CCER-2018-0678,建筑节能项目678,建筑节能,甘肃,126.27,145426.21,2013,7,项目公司678,2013-02-10,已签发,771572.91,False,False
CCER-2018-0679,水力发电项目679,水力发电,四川,160.24,165915.79,2014,7,项目公司679,2014-06-26,已备案,1723509.02,True,False
CCER-2018-0680,煤层气利用项目680,煤层气利用,山西,191.51,295561.3,2012,21,项目公司680,2012-03-25,已备案,1783484.8,False,True
CCER-2018-0681,交通节能项目681,交通节能,陕西,23.15,45876.92,2014,7,项目公司681,2014-04-06,已签发,344932.83,False,True
CCER-2018-0682,生物质发电项目682,生物质发电,陕西,126.56,171682.57,2012,21,项目公司682,2012-05-13,已备案,953306.63,False,True
CCER-2018-0683,太阳能发电项目683,太阳能发电,河北,460.39,701665.84,2013,21,项目公司683,2013-03-13,已注册,5321784.75,False,True
CCER-2018-0684,垃圾填埋气发电项目684,垃圾填埋气发电,青海,183.91,248420.31,2016,21,项目公司684,2016-04-26,已注销,2641680.63,True,True
CCER-2018-0685,风力发电项目685,风力发电,云南,137.43,323038.29,2012,7,项目公司685,2012-06-20,已签发,1165684.49,True,True
CCER-2018-0686,太阳能发电项目686,太阳能发电,青海,87.82,147940.65,2015,21,京运通,2015-02-22,已注册,755829.94,True,True
CCER-2018-0687,风力发电项目687,风力发电,浙江,41.21,101790.05,2014,7,项目公司687,2014-10-02,已签发,234704.22,False,False
CCER-2018-0688,风力发电项目688,风力发电,云南,273.06,651749.89,2012,7,项目公司688,2012-04-21,已注销,1883605.74,True,True
CCER-2018-0689,太阳能发电项目689,太阳能发电,浙江,202.43,450145.89,2016,21,京运通,2016-05-26,已备案,2212886.21,False,False
CCER-2018-0690,垃圾填埋气发电项目690,垃圾填埋气发电,甘肃,132.25,248847.93,2014,10,项目公司690,2014-02-19,已备案,960757.32,True,True
CCER-2018-0691,垃圾填埋气发电项目691,垃圾填埋气发电,江苏,155.81,128144.13,2013,21,项目公司691,2013-05-06,已注册,1274234.04,True,False
CCER-2018-0692,森林经营项目692,森林经营,四川,176.05,298877.49,2012,7,项目公司692,2012-01-19,已注册,2091857.83,True,True
CCER-2018-0693,垃圾填埋气发电项目693,垃圾填埋气发电,宁夏,13.95,20213.97,2012,7,项目公司693,2012-04-25,已备案,92793.81,False,False
CCER-2018-0694,交通节能项目694,交通节能,云南,137.4,206114.64,2012,21,项目公司694,2012-10-08,已备案,787452.59,False,False
CCER-2018-0695,水力发电项目695,水力发电,河北,168.47,148327.04,2016,7,项目公司695,2016-02-23,已备案,2210776.29,False,True
CCER-2018-0696,风力发电项目696,风力发电,贵州,430.25,907070.9,2014,7,项目公司696,2014-05-13,已注册,4126434.11,True,True
CCER-2018-0697,风力发电项目697,风力发电,浙江,83.28,143015.61,2013,7,项目公司697,2013-10-23,已备案,1232156.28,False,True
CCER-2018-0698,太阳能发电项目698,太阳能发电,河北,183.75,314377.61,2014,21,迈为股份,2014-11-25,已备案,2247305.29,False,True
CCER-2018-0699,太阳能发电项目699,太阳能发电,广东,483.75,779674.82,2017,21,项目公司699,2017-02-26,已注销,2680115.73,True,False
CCER-2018-0700,垃圾填埋气发电项目700,垃圾填埋气发电,贵州,161.21,212544.0,2015,21,项目公司700,2015-09-23,已签发,2177563.04,False,False
CCER-2019-0701,工业节能项目701,工业节能,江苏,59.08,116658.05,2016,7,项目公司701,2016-12-23,已注销,590228.63,True,False
CCER-2019-0702,太阳能发电项目702,太阳能发电,浙江,24.06,36201.31,2012,10,晶科能源,2012-04-22,已签发,343031.05,False,False
CCER-2019-0703,太阳能发电项目703,太阳能发电,广东,164.17,363030.92,2015,10,项目公司703,2015-03-14,已签发,1366542.33,False,False
CCER-2019-0704,太阳能发电项目704,太阳能发电,宁夏,290.5,666103.89,2017,10,项目公司704,2017-04-23,已注销,3386921.56,False,True
CCER-2019-0705,太阳能发电项目705,太阳能发电,新疆,155.44,351881.65,2016,21,东方日升,2016-07-26,已签发,1702587.87,False,True
CCER-2019-0706,太阳能发电项目706,太阳能发电,广东,224.46,486292.84,2012,21,迈为股份,2012-09-13,已注册,2588024.7,False,False
CCER-2019-0707,太阳能发电项目707,太阳能发电,广东,147.67,248454.47,2017,21,项目公司707,2017-10-14,已备案,1978834.12,True,True
CCER-2019-0708,太阳能发电项目708,太阳能发电,宁夏,174.39,348448.79,2016,21,东方日升,2016-02-15,已注册,1693108.09,True,False
CCER-2019-0709,煤层气利用项目709,煤层气利用,山西,16.55,26081.88,2017,10,项目公司709,2017-09-27,已注册,148656.65,False,False
CCER-2019-0710,森林经营项目710,森林经营,青海,90.47,80961.79,2014,21,项目公司710,2014-08-19,已签发,876230.86,False,False
CCER-2019-0711,垃圾填埋气发电项目711,垃圾填埋气发电,广东,131.39,108633.86,2012,7,项目公司711,2012-10-03,已备案,1749948.15,False,False
CCER-2019-0712,生物质发电项目712,生物质发电,陕西,131.72,108594.07,2016,21,项目公司712,2016-05-28,已备案,1881580.19,False,False
CCER-2019-0713,风力发电项目713,风力发电,广东,251.69,611683.32,2017,21,项目公司713,2017-02-19,已注销,3489265.17,False,False
CCER-2019-0714,太阳能发电项目714,太阳能发电,内蒙古,171.73,383239.68,2013,10,项目公司714,2013-02-03,已注销,1097819.49,False,False
CCER-2019-0715,太阳能发电项目715,太阳能发电,云南,335.99,696970.98,2013,7,项目公司715,2013-02-14,已备案,4342985.55,True,True
CCER-2019-0716,风力发电项目716,风力发电,贵州,196.54,337445.56,2013,7,项目公司716,2013-04-22,已备案,1855133.15,False,True
CCER-2019-0717,太阳能发电项目717,太阳能发电,新疆,186.62,334404.57,2016,7,项目公司717,2016-06-17,已注册,2436725.84,False,False
CCER-2019-0718,垃圾填埋气发电项目718,垃圾填埋气发电,陕西,26.8,22741.52,2013,10,项目公司718,2013-05-18,已备案,248017.25,False,True
CCER-2019-0719,太阳能发电项目719,太阳能发电,宁夏,168.05,258195.7,2017,10,项目公司719,2017-07-26,已签发,1026380.0,False,False
CCER-2019-0720,垃圾填埋气发电项目720,垃圾填埋气发电,江苏,121.6,147098.43,2014,7,项目公司720,2014-12-13,已注册,679887.64,False,True
CCER-2019-0721,太阳能发电项目721,太阳能发电,河北,196.41,435598.54,2015,7,项目公司721,2015-02-28,已注册,2771222.71,False,False
CCER-2019-0722,太阳能发电项目722,太阳能发电,山西,442.01,1012482.51,2015,21,项目公司722,2015-06-01,已注册,6369906.61,True,False
CCER-2019-0723,交通节能项目723,交通节能,新疆,182.38,334792.82,2014,7,项目公司723,2014-12-10,已签发,1423199.94,False,False
CCER-2019-0724,交通节能项目724,交通节能,四川,22.41,21756.4,2012,10,项目公司724,2012-07-18,已注册,308449.0,True,True
CCER-2019-0725,生物质发电项目725,生物质发电,宁夏,199.48,323259.5,2014,21,项目公司725,2014-07-24,已签发,2526156.55,False,False
CCER-2019-0726,太阳能发电项目726,太阳能发电,宁夏,275.31,539100.87,2012,10,项目公司726,2012-01-17,已备案,2800865.71,True,False
CCER-2019-0727,太阳能发电项目727,太阳能发电,新疆,230.84,363644.75,2014,7,项目公司727,2014-07-26,已备案,3358432.71,False,True
CCER-2019-0728,交通节能项目728,交通节能,陕西,30.42,55021.31,2016,21,项目公司728,2016-11-15,已注册,290090.13,True,False
CCER-2019-0729,太阳能发电项目729,太阳能发电,甘肃,391.09,819485.26,2012,10,项目公司729,2012-12-18,已注册,3181499.91,True,True
CCER-2019-0730,森林经营项目730,森林经营,江苏,176.87,261824.63,2012,7,项目公司730,2012-12-07,已注销,929728.69,False,True
CCER-2019-0731,煤层气利用项目731,煤层气利用,新疆,187.79,167076.52,2016,7,项目公司731,2016-04-25,已备案,2783254.85,False,True
CCER-2019-0732,工业节能项目732,工业节能,甘肃,42.35,83920.53,2013,21,项目公司732,2013-12-11,已注销,467819.46,True,True
CCER-2019-0733,工业节能项目733,工业节能,四川,113.36,175348.98,2014,21,项目公司733,2014-07-20,已备案,1379899.74,True,False
CCER-2019-0734,森林经营项目734,森林经营,江苏,174.6,215259.4,2014,7,项目公司734,2014-07-24,已备案,1208320.74,True,False
CCER-2019-0735,太阳能发电项目735,太阳能发电,山东,152.26,312200.39,2013,10,项目公司735,2013-12-09,已注销,1222198.92,False,False
CCER-2019-0736,太阳能发电项目736,太阳能发电,广东,495.67,882325.11,2013,21,上机数控,2013-02-27,已备案,5226964.47,True,False
CCER-2019-0737,森林经营项目737,森林经营,青海,143.96,179889.5,2016,7,项目公司737,2016-09-05,已备案,2157415.35,False,True
CCER-2019-0738,煤层气利用项目738,煤层气利用,浙江,193.52,279816.33,2015,7,项目公司738,2015-09-01,已注销,2763136.68,True,True
CCER-2019-0739,煤层气利用项目739,煤层气利用,云南,138.86,143006.6,2017,7,项目公司739,2017-02-18,已注销,731147.72,False,False
CCER-2019-0740,太阳能发电项目740,太阳能发电,四川,348.07,550494.22,2016,10,捷佳伟创,2016-12-25,已签发,4048474.81,True,True
CCER-2019-0741,交通节能项目741,交通节能,广东,172.01,328831.67,2016,10,项目公司741,2016-12-28,已备案,1709162.12,True,False
CCER-2019-0742,建筑节能项目742,建筑节能,贵州,88.94,83535.39,2013,7,项目公司742,2013-01-01,已注销,1192967.39,False,True
CCER-2019-0743,煤层气利用项目743,煤层气利用,河北,64.01,117218.22,2016,7,项目公司743,2016-03-24,已签发,772891.19,False,False
CCER-2019-0744,建筑节能项目744,建筑节能,云南,73.06,77774.65,2017,10,项目公司744,2017-05-26,已备案,782868.85,True,True
CCER-2019-0745,太阳能发电项目745,太阳能发电,山东,444.54,724332.84,2017,21,项目公司745,2017-08-20,已签发,4620023.98,False,False
CCER-2019-0746,垃圾填埋气发电项目746,垃圾填埋气发电,江苏,101.47,185502.85,2013,7,项目公司746,2013-01-08,已注册,670484.39,False,False
CCER-2019-0747,建筑节能项目747,建筑节能,四川,21.39,23137.57,2012,21,项目公司747,2012-11-03,已注销,206091.22,False,True
CCER-2019-0748,太阳能发电项目748,太阳能发电,浙江,180.88,339824.17,2015,21,清源股份,2015-11-23,已备案,1252744.0,True,True
CCER-2019-0749,太阳能发电项目749,太阳能发电,四川,317.65,520170.9,2017,7,项目公司749,2017-04-23,已注销,4240511.23,False,True
CCER-2019-0750,太阳能发电项目750,太阳能发电,新疆,321.65,591470.58,2014,7,项目公司750,2014-01-16,已注销,3305489.48,False,True
CCER-2019-0751,工业节能项目751,工业节能,内蒙古,47.02,48713.73,2013,7,项目公司751,2013-04-09,已签发,663835.42,False,True
CCER-2019-0752,太阳能发电项目752,太阳能发电,青海,34.1,80066.91,2015,21,项目公司752,2015-02-01,已备案,510253.92,False,True
CCER-2019-0753,太阳能发电项目753,太阳能发电,河北,401.66,820562.87,2014,7,项目公司753,2014-01-21,已注册,3005102.1,True,True
CCER-2019-0754,太阳能发电项目754,太阳能发电,青海,419.15,789118.02,2015,10,项目公司754,2015-07-19,已签发,5178401.02,True,False
CCER-2019-0755,太阳能发电项目755,太阳能发电,山西,196.43,404508.04,2014,7,通威股份,2014-09-16,已签发,1391706.42,True,False
CCER-2019-0756,建筑节能项目756,建筑节能,山东,107.29,116820.54,2013,21,项目公司756,2013-01-11,已签发,1510072.48,False,False
CCER-2019-0757,水力发电项目757,水力发电,山东,102.45,108401.82,2013,21,项目公司757,2013-06-22,已注册,1363296.27,True,True
CCER-2019-0758,水力发电项目758,水力发电,内蒙古,60.18,66627.87,2017,10,项目公司758,2017-10-03,已签发,677130.67,False,False
CCER-2019-0759,太阳能发电项目759,太阳能发电,湖南,53.65,85927.62,2012,7,项目公司759,2012-01-08,已注销,660817.92,False,False
CCER-2019-0760,垃圾填埋气发电项目760,垃圾填埋气发电,河北,98.88,168153.36,2015,21,项目公司760,2015-03-17,已注销,1293486.54,True,True
CCER-2019-0761,太阳能发电项目761,太阳能发电,广东,449.24,848837.9,2016,10,项目公司761,2016-06-08,已备案,6171165.8,True,False
CCER-2019-0762,生物质发电项目762,生物质发电,贵州,30.52,48484.22,2014,21,项目公司762,2014-10-16,已注销,254861.15,True,False
CCER-2019-0763,太阳能发电项目763,太阳能发电,新疆,484.6,1105662.16,2013,21,迈为股份,2013-06-19,已注销,6474802.63,False,True
CCER-2019-0764,垃圾填埋气发电项目764,垃圾填埋气发电,广东,98.61,146892.24,2012,10,项目公司764,2012-06-28,已签发,1164445.68,True,False
CCER-2019-0765,太阳能发电项目765,太阳能发电,浙江,356.19,691572.63,2017,10,正泰电器,2017-01-17,已注销,3107369.04,True,True
CCER-2019-0766,太阳能发电项目766,太阳能发电,青海,37.59,63559.77,2012,7,东方日升,2012-05-09,已备案,470363.55,False,False
CCER-2019-0767,森林经营项目767,森林经营,浙江,125.25,220660.12,2017,7,项目公司767,2017-07-13,已备案,1651107.08,False,True
CCER-2019-0768,工业节能项目768,工业节能,甘肃,120.78,239067.22,2016,10,项目公司768,2016-11-08,已注册,661429.78,False,True
CCER-2019-0769,垃圾填埋气发电项目769,垃圾填埋气发电,宁夏,41.98,46750.09,2017,21,项目公司769,2017-09-20,已注销,462418.48,True,True
CCER-2019-0770,太阳能发电项目770,太阳能发电,新疆,63.45,95636.36,2017,7,项目公司770,2017-04-18,已注册,680990.71,True,False
CCER-2019-0771,生物质发电项目771,生物质发电,甘肃,86.75,104325.96,2012,21,项目公司771,2012-01-17,已注册,781183.54,False,True
CCER-2019-0772,风力发电项目772,风力发电,陕西,258.87,558909.67,2013,10,项目公司772,2013-08-03,已注册,3194607.4,False,True
CCER-2019-0773,太阳能发电项目773,太阳能发电,山西,495.62,912533.92,2014,7,项目公司773,2014-08-20,已签发,4582168.22,False,True
CCER-2019-0774,太阳能发电项目774,太阳能发电,青海,42.34,74629.73,2012,10,项目公司774,2012-02-19,已注销,395874.64,False,True
CCER-2019-0775,森林经营项目775,森林经营,浙江,181.66,346542.06,2015,7,项目公司775,2015-06-28,已备案,2168145.35,True,True
CCER-2019-0776,太阳能发电项目776,太阳能发电,甘肃,255.05,522454.45,2013,7,项目公司776,2013-03-22,已签发,3440806.15,False,False
CCER-2019-0777,太阳能发电项目777,太阳能发电,山东,373.38,818817.69,2017,7,项目公司777,2017-03-26,已注册,3351238.05,False,False
CCER-2019-0778,太阳能发电项目778,太阳能发电,甘肃,441.31,790396.54,2014,21,项目公司778,2014-12-20,已备案,6383211.75,True,True
CCER-2019-0779,太阳能发电项目779,太阳能发电,甘肃,113.4,273769.91,2013,7,项目公司779,2013-08-24,已注册,1550540.11,False,True
CCER-2019-0780,垃圾填埋气发电项目780,垃圾填埋气发电,云南,45.06,65912.12,2012,10,项目公司780,2012-05-18,已注销,515873.94,True,False
CCER-2019-0781,工业节能项目781,工业节能,宁夏,175.05,148397.64,2015,10,项目公司781,2015-03-03,已注销,1186738.77,True,False
CCER-2019-0782,太阳能发电项目782,太阳能发电,云南,276.09,580711.92,2017,7,晶科能源,2017-10-19,已注销,1419732.33,True,False
CCER-2019-0783,太阳能发电项目783,太阳能发电,云南,338.66,616241.23,2014,10,晶澳科技,2014-08-14,已签发,2424989.23,True,False
CCER-2019-0784,太阳能发电项目784,太阳能发电,山西,59.89,110752.72,2017,21,项目公司784,2017-09-09,已注销,385983.02,True,False
CCER-2019-0785,太阳能发电项目785,太阳能发电,青海,397.09,857527.71,2016,21,奥特维,2016-03-11,已签发,5553296.87,True,True
CCER-2019-0786,生物质发电项目786,生物质发电,陕西,46.43,92486.98,2014,10,项目公司786,2014-02-16,已注册,557943.45,False,True
CCER-2019-0787,工业节能项目787,工业节能,广东,25.51,48864.34,2017,10,项目公司787,2017-01-20,已注册,296179.5,False,False
CCER-2019-0788,交通节能项目788,交通节能,内蒙古,196.1,390123.06,2013,7,项目公司788,2013-01-07,已签发,2488544.96,True,False
CCER-2019-0789,垃圾填埋气发电项目789,垃圾填埋气发电,四川,193.43,232080.06,2012,10,项目公司789,2012-10-24,已备案,2157642.34,True,True
CCER-2019-0790,风力发电项目790,风力发电,贵州,218.82,354276.8,2014,7,项目公司790,2014-04-06,已签发,2421691.79,True,False
CCER-2019-0791,垃圾填埋气发电项目791,垃圾填埋气发电,山东,196.06,383444.64,2014,10,项目公司791,2014-07-04,已注销,1839761.79,True,True
CCER-2019-0792,太阳能发电项目792,太阳能发电,宁夏,29.55,60657.06,2016,10,京运通,2016-07-01,已签发,208627.44,False,True
CCER-2019-0793,太阳能发电项目793,太阳能发电,青海,234.35,414806.85,2015,21,中环股份,2015-02-12,已签发,1378657.91,False,False
CCER-2019-0794,森林经营项目794,森林经营,浙江,67.15,119456.25,2014,21,项目公司794,2014-06-24,已签发,903835.31,False,False
CCER-2019-0795,太阳能发电项目795,太阳能发电,四川,276.47,601543.65,2013,21,项目公司795,2013-08-22,已注销,4007841.99,True,True
CCER-2019-0796,交通节能项目796,交通节能,陕西,163.96,176958.01,2015,10,项目公司796,2015-08-11,已注册,2239777.55,True,True
CCER-2019-0797,工业节能项目797,工业节能,青海,34.05,66372.02,2015,10,项目公司797,2015-01-02,已注销,490229.21,False,True
CCER-2019-0798,垃圾填埋气发电项目798,垃圾填埋气发电,青海,115.75,124076.87,2017,7,项目公司798,2017-05-21,已签发,728592.47,False,True
CCER-2019-0799,垃圾填埋气发电项目799,垃圾填埋气发电,广东,119.54,105405.84,2013,7,项目公司799,2013-06-07,已注册,1587998.36,True,True
CCER-2019-0800,太阳能发电项目800,太阳能发电,山东,453.66,1044484.74,2016,10,爱旭股份,2016-08-12,已注册,3075038.84,True,True
CCER-2020-0801,太阳能发电项目801,太阳能发电,广东,265.22,609111.29,2016,21,天合光能,2016-02-14,已备案,1769536.81,True,False
CCER-2020-0802,风力发电项目802,风力发电,新疆,480.63,724321.08,2014,21,项目公司802,2014-05-26,已备案,4060539.58,False,False
CCER-2020-0803,太阳能发电项目803,太阳能发电,广东,384.41,749879.42,2015,7,项目公司803,2015-04-04,已注销,4582569.87,False,False
CCER-2020-0804,太阳能发电项目804,太阳能发电,新疆,119.87,254830.39,2013,21,项目公司804,2013-08-14,已注销,1629592.14,False,False
CCER-2020-0805,太阳能发电项目805,太阳能发电,江苏,477.02,879567.14,2015,7,项目公司805,2015-05-12,已签发,3640892.28,False,True
CCER-2020-0806,森林经营项目806,森林经营,江苏,133.1,108842.24,2017,10,项目公司806,2017-09-22,已注册,1826729.4,False,True
CCER-2020-0807,建筑节能项目807,建筑节能,青海,145.35,192021.03,2016,7,项目公司807,2016-05-15,已签发,2018520.63,False,False
CCER-2020-0808,煤层气利用项目808,煤层气利用,陕西,185.31,315656.22,2013,7,项目公司808,2013-07-18,已注销,1697358.02,True,False
CCER-2020-0809,水力发电项目809,水力发电,山西,19.89,21455.76,2017,7,项目公司809,2017-05-12,已注销,206486.67,False,True
CCER-2020-0810,太阳能发电项目810,太阳能发电,内蒙古,38.58,59483.07,2014,7,通威股份,2014-03-27,已备案,261031.0,True,True
CCER-2020-0811,太阳能发电项目811,太阳能发电,青海,257.09,519038.63,2014,21,太阳能,2014-05-26,已备案,1628860.39,False,False
CCER-2020-0812,垃圾填埋气发电项目812,垃圾填埋气发电,湖南,158.49,262595.91,2015,7,项目公司812,2015-10-18,已注销,930969.71,True,False
CCER-2020-0813,太阳能发电项目813,太阳能发电,贵州,351.04,671985.98,2014,21,项目公司813,2014-03-09,已签发,3168002.36,True,False
CCER-2020-0814,森林经营项目814,森林经营,湖南,65.25,69351.5,2014,7,项目公司814,2014-11-21,已注销,762650.47,True,False
CCER-2020-0815,风力发电项目815,风力发电,浙江,178.65,350666.89,2016,10,项目公司815,2016-09-16,已注销,1113710.01,False,True
CCER-2020-0816,煤层气利用项目816,煤层气利用,甘肃,10.72,21110.67,2016,7,项目公司816,2016-10-20,已注册,132714.32,False,False
CCER-2020-0817,风力发电项目817,风力发电,山西,28.94,45585.76,2015,10,项目公司817,2015-08-09,已备案,276406.18,True,False
CCER-2020-0818,太阳能发电项目818,太阳能发电,四川,72.53,162280.25,2016,10,珈伟新能,2016-10-01,已签发,801059.49,False,True
CCER-2020-0819,水力发电项目819,水力发电,广东,168.24,154473.51,2017,7,项目公司819,2017-06-11,已备案,2370847.81,False,False
CCER-2020-0820,建筑节能项目820,建筑节能,宁夏,38.36,56322.26,2014,7,项目公司820,2014-08-23,已注册,369077.81,True,True
CCER-2020-0821,森林经营项目821,森林经营,广东,89.48,154730.85,2012,10,项目公司821,2012-02-09,已注册,978899.89,False,True
CCER-2020-0822,生物质发电项目822,生物质发电,山西,76.64,133168.06,2015,10,项目公司822,2015-06-18,已注册,727972.68,True,True
CCER-2020-0823,太阳能发电项目823,太阳能发电,山东,212.33,485941.88,2014,7,项目公司823,2014-06-06,已注册,2892563.22,True,False
CCER-2020-0824,太阳能发电项目824,太阳能发电,湖南,41.47,74828.27,2013,21,奥特维,2013-09-16,已注销,537681.56,True,True
CCER-2020-0825,太阳能发电项目825,太阳能发电,甘肃,384.69,808581.17,2012,7,天合光能,2012-01-05,已备案,3583074.68,False,False
CCER-2020-0826,太阳能发电项目826,太阳能发电,江苏,53.27,129495.68,2016,21,项目公司826,2016-08-10,已注册,513362.76,True,True
CCER-2020-0827,太阳能发电项目827,太阳能发电,浙江,86.97,140033.88,2015,21,项目公司827,2015-04-19,已注销,1134964.35,True,True
CCER-2020-0828,工业节能项目828,工业节能,江苏,101.07,199502.42,2014,7,项目公司828,2014-07-16,已注册,1432599.27,True,False
CCER-2020-0829,交通节能项目829,交通节能,云南,185.62,173958.5,2013,21,项目公司829,2013-05-10,已签发,1138056.88,True,False
CCER-2020-0830,交通节能项目830,交通节能,四川,104.84,95133.14,2016,21,项目公司830,2016-12-01,已注册,722414.92,False,False
CCER-2020-0831,森林经营项目831,森林经营,云南,55.44,94964.12,2015,21,项目公司831,2015-09-12,已备案,696091.28,True,False
CCER-2020-0832,森林经营项目832,森林经营,四川,98.53,154228.33,2015,21,项目公司832,2015-11-24,已注销,528581.03,True,True
CCER-2020-0833,太阳能发电项目833,太阳能发电,四川,387.83,910700.89,2014,10,京运通,2014-07-05,已签发,4247962.2,True,True
CCER-2020-0834,太阳能发电项目834,太阳能发电,云南,359.83,796754.07,2013,7,项目公司834,2013-03-27,已备案,5330620.18,False,True
CCER-2020-0835,水力发电项目835,水力发电,湖南,85.64,109327.18,2014,21,项目公司835,2014-09-16,已备案,572043.35,False,True
CCER-2020-0836,太阳能发电项目836,太阳能发电,贵州,321.89,590132.89,2016,21,阿特斯,2016-06-11,已注册,4012176.11,True,False
CCER-2020-0837,交通节能项目837,交通节能,新疆,54.49,46125.34,2016,10,项目公司837,2016-02-05,已备案,793853.34,False,True
CCER-2020-0838,建筑节能项目838,建筑节能,贵州,49.86,49838.36,2016,10,项目公司838,2016-11-13,已注销,284603.63,True,True
CCER-2020-0839,森林经营项目839,森林经营,宁夏,189.84,222435.45,2017,21,项目公司839,2017-06-20,已注销,2355213.74,False,True
CCER-2020-0840,太阳能发电项目840,太阳能发电,贵州,188.63,414376.22,2013,21,珈伟新能,2013-09-23,已备案,1476928.95,False,True
CCER-2020-0841,煤层气利用项目841,煤层气利用,内蒙古,98.41,178595.16,2013,10,项目公司841,2013-09-14,已备案,564231.9,True,False
CCER-2020-0842,建筑节能项目842,建筑节能,河北,193.27,351509.53,2014,21,项目公司842,2014-05-04,已备案,1616684.99,True,True
CCER-2020-0843,太阳能发电项目843,太阳能发电,青海,340.22,771073.52,2013,21,东方日升,2013-03-11,已签发,2367535.89,True,False
CCER-2020-0844,太阳能发电项目844,太阳能发电,浙江,416.29,699163.31,2012,10,项目公司844,2012-07-21,已注册,5640810.53,False,False
CCER-2020-0845,风力发电项目845,风力发电,陕西,153.5,258423.69,2015,21,项目公司845,2015-06-06,已注册,1851138.52,False,False
CCER-2020-0846,森林经营项目846,森林经营,贵州,167.26,215703.97,2015,7,项目公司846,2015-05-27,已签发,1130334.51,True,False
CCER-2020-0847,太阳能发电项目847,太阳能发电,贵州,401.81,625692.44,2016,21,捷佳伟创,2016-03-08,已签发,5641668.03,True,True
CCER-2020-0848,生物质发电项目848,生物质发电,广东,67.1,65650.48,2013,10,项目公司848,2013-08-20,已注销,958716.67,True,False
CCER-2020-0849,工业节能项目849,工业节能,甘肃,137.99,184131.5,2013,10,项目公司849,2013-10-20,已签发,2061697.91,True,False
CCER-2020-0850,太阳能发电项目850,太阳能发电,甘肃,209.1,489477.11,2014,21,太阳能,2014-05-20,已签发,1835405.73,True,False
CCER-2020-0851,太阳能发电项目851,太阳能发电,湖南,305.35,705184.15,2015,21,项目公司851,2015-11-13,已备案,1703721.18,True,True
CCER-2020-0852,风力发电项目852,风力发电,甘肃,496.8,1065643.35,2013,21,项目公司852,2013-04-14,已注册,2727032.92,True,True
CCER-2020-0853,水力发电项目853,水力发电,陕西,181.14,358907.55,2014,21,项目公司853,2014-11-16,已注销,1603181.42,False,True
CCER-2020-0854,工业节能项目854,工业节能,山西,84.78,103057.44,2016,10,项目公司854,2016-01-21,已注册,769283.93,True,False
CCER-2020-0855,风力发电项目855,风力发电,宁夏,133.36,242283.21,2016,21,项目公司855,2016-05-20,已签发,1929713.14,True,True
CCER-2020-0856,水力发电项目856,水力发电,浙江,131.33,172312.27,2012,7,项目公司856,2012-04-21,已注销,1193034.98,True,False
CCER-2020-0857,水力发电项目857,水力发电,宁夏,182.3,229408.35,2015,10,项目公司857,2015-01-07,已签发,1312431.86,False,True
CCER-2020-0858,太阳能发电项目858,太阳能发电,宁夏,260.21,575275.88,2016,21,项目公司858,2016-05-17,已签发,1556525.13,True,True
CCER-2020-0859,太阳能发电项目859,太阳能发电,四川,286.63,624557.75,2016,21,奥特维,2016-02-05,已签发,1712972.85,False,False
CCER-2020-0860,生物质发电项目860,生物质发电,宁夏,164.71,137862.89,2015,7,项目公司860,2015-06-12,已签发,1381804.22,False,False
CCER-2020-0861,太阳能发电项目861,太阳能发电,云南,247.5,532388.35,2014,21,迈为股份,2014-06-16,已备案,2263366.73,False,False
